"","price","crime","nox","rooms","dist","radial","proptax","stratio","ppoverty","lprice","lnox","lproptax","pricek","price_k"
"1",24000,0.00600000005215406,5.38000011444092,6.57000017166138,4.09000015258789,1,29.6000003814697,15.3000001907349,4.98000001907349,10.0858087539673,1.68268835544586,5.69035959243774,24,24
"2",21599,0.0270000007003546,4.69000005722046,6.42000007629395,4.96999979019165,2,24.2000007629395,17.7999992370605,9.14000034332275,9.98040199279785,1.54543256759644,5.48893785476685,21.599,21.599
"3",34700,0.0270000007003546,4.69000005722046,7.17999982833862,4.96999979019165,2,24.2000007629395,17.7999992370605,4.03000020980835,10.4544954299927,1.54543256759644,5.48893785476685,34.7,34.7
"4",33400,0.0320000015199184,4.57999992370605,7,6.05999994277954,3,22.2000007629395,18.7000007629395,2.94000005722046,10.4163112640381,1.52169895172119,5.40267753601074,33.4,33.4
"5",36199,0.0689999982714653,4.57999992370605,7.15000009536743,6.05999994277954,3,22.2000007629395,18.7000007629395,5.32999992370605,10.496787071228,1.52169895172119,5.40267753601074,36.199,36.199
"6",28701,0.0299999993294477,4.57999992370605,6.42999982833862,6.05999994277954,3,22.2000007629395,18.7000007629395,5.21000003814697,10.264687538147,1.52169895172119,5.40267753601074,28.701,28.701
"7",22900,0.0879999995231628,5.23999977111816,6.01000022888184,5.55999994277954,5,31.1000003814697,15.1999998092651,12.4300003051758,10.0388917922974,1.65632140636444,5.7397928237915,22.9,22.9
"8",27100,0.144999995827675,5.23999977111816,6.17000007629395,5.94999980926514,5,31.1000003814697,15.1999998092651,19.1499996185303,10.2072887420654,1.65632140636444,5.7397928237915,27.1,27.1
"9",16500,0.210999995470047,5.23999977111816,5.63000011444092,6.07999992370605,5,31.1000003814697,15.1999998092651,29.9300003051758,9.71111583709717,1.65632140636444,5.7397928237915,16.5,16.5
"10",18900,0.170000001788139,5.23999977111816,6,6.59000015258789,5,31.1000003814697,15.1999998092651,17.1000003814697,9.84691715240479,1.65632140636444,5.7397928237915,18.9,18.9
"11",15000,0.224999994039536,5.23999977111816,6.38000011444092,6.34999990463257,5,31.1000003814697,15.1999998092651,20.4500007629395,9.61580562591553,1.65632140636444,5.7397928237915,15,15
"12",18900,0.116999998688698,5.23999977111816,6.01000022888184,6.23000001907349,5,31.1000003814697,15.1999998092651,13.2700004577637,9.84691715240479,1.65632140636444,5.7397928237915,18.9,18.9
"13",21700,0.0939999967813492,5.23999977111816,5.8899998664856,5.44999980926514,5,31.1000003814697,15.1999998092651,15.710000038147,9.98506736755371,1.65632140636444,5.7397928237915,21.7,21.7
"14",20400,0.629999995231628,5.38000011444092,5.94999980926514,4.71000003814697,4,30.7000007629395,21,8.26000022888184,9.92329025268555,1.68268835544586,5.72684764862061,20.4,20.4
"15",18200,0.638000011444092,5.38000011444092,6.09999990463257,4.46000003814697,4,30.7000007629395,21,10.2600002288818,9.80917644500732,1.68268835544586,5.72684764862061,18.2,18.2
"16",19900,0.626999974250793,5.38000011444092,5.82999992370605,4.5,4,30.7000007629395,21,8.47000026702881,9.89847469329834,1.68268835544586,5.72684764862061,19.9,19.9
"17",23100,1.05400002002716,5.38000011444092,5.92999982833862,4.5,4,30.7000007629395,21,6.57999992370605,10.0475883483887,1.68268835544586,5.72684764862061,23.1,23.1
"18",17500,0.783999979496002,5.38000011444092,5.98999977111816,4.26000022888184,4,30.7000007629395,21,14.6700000762939,9.76995658874512,1.68268835544586,5.72684764862061,17.5,17.5
"19",20200,0.802999973297119,5.38000011444092,5.46000003814697,3.79999995231628,4,30.7000007629395,21,11.6899995803833,9.91343784332275,1.68268835544586,5.72684764862061,20.2,20.2
"20",18200,0.726000010967255,5.38000011444092,5.73000001907349,3.79999995231628,4,30.7000007629395,21,11.2799997329712,9.80917644500732,1.68268835544586,5.72684764862061,18.2,18.2
"21",13600,1.25199997425079,5.38000011444092,5.57000017166138,3.79999995231628,4,30.7000007629395,21,21.0200004577637,9.51782512664795,1.68268835544586,5.72684764862061,13.6,13.6
"22",19600,0.851999998092651,5.38000011444092,5.96000003814697,4.01000022888184,4,30.7000007629395,21,13.8299999237061,9.88328456878662,1.68268835544586,5.72684764862061,19.6,19.6
"23",15200,1.23199999332428,5.38000011444092,6.1399998664856,3.98000001907349,4,30.7000007629395,21,18.7199993133545,9.62905025482178,1.68268835544586,5.72684764862061,15.2,15.2
"24",14500,0.987999975681305,5.38000011444092,5.80999994277954,4.09999990463257,4,30.7000007629395,21,19.8799991607666,9.5819034576416,1.68268835544586,5.72684764862061,14.5,14.5
"25",15600,0.75,5.38000011444092,5.92000007629395,4.40000009536743,4,30.7000007629395,21,16.2999992370605,9.65502643585205,1.68268835544586,5.72684764862061,15.6,15.6
"26",13900,0.841000020503998,5.38000011444092,5.59999990463257,4.44999980926514,4,30.7000007629395,21,16.5100002288818,9.53964424133301,1.68268835544586,5.72684764862061,13.9,13.9
"27",16600,0.671999990940094,5.38000011444092,5.80999994277954,4.67999982833862,4,30.7000007629395,21,14.8100004196167,9.71715831756592,1.68268835544586,5.72684764862061,16.6,16.6
"28",14800,0.955999970436096,5.38000011444092,6.05000019073486,4.44999980926514,4,30.7000007629395,21,17.2800006866455,9.60238265991211,1.68268835544586,5.72684764862061,14.8,14.8
"29",18400,0.773000001907349,5.38000011444092,6.48999977111816,4.44999980926514,4,30.7000007629395,21,12.8000001907349,9.82010555267334,1.68268835544586,5.72684764862061,18.4,18.4
"30",21000,1.00199997425079,5.38000011444092,6.67000007629395,4.23000001907349,4,30.7000007629395,21,11.9799995422363,9.95227813720703,1.68268835544586,5.72684764862061,21,21
"31",12700,1.13100004196167,5.38000011444092,5.69000005722046,4.23000001907349,4,30.7000007629395,21,22.6000003814697,9.44935703277588,1.68268835544586,5.72684764862061,12.7,12.7
"32",14500,1.35500001907349,5.38000011444092,6.07000017166138,4.17000007629395,4,30.7000007629395,21,13.039999961853,9.5819034576416,1.68268835544586,5.72684764862061,14.5,14.5
"33",13200,1.38800001144409,5.38000011444092,5.94999980926514,3.99000000953674,4,30.7000007629395,21,27.7099990844727,9.48797225952148,1.68268835544586,5.72684764862061,13.2,13.2
"34",13100,1.15199995040894,5.38000011444092,5.69999980926514,3.78999996185303,4,30.7000007629395,21,18.3500003814697,9.48036766052246,1.68268835544586,5.72684764862061,13.1,13.1
"35",13500,1.61300003528595,5.38000011444092,6.09999990463257,3.75999999046326,4,30.7000007629395,21,20.3400001525879,9.51044464111328,1.68268835544586,5.72684764862061,13.5,13.5
"36",18900,0.0640000030398369,4.98999977111816,5.92999982833862,3.35999989509583,5,27.8999996185303,19.2000007629395,9.68000030517578,9.84691715240479,1.60743582248688,5.63121175765991,18.9,18.9
"37",20000,0.0970000028610229,4.98999977111816,5.84000015258789,3.38000011444092,5,27.8999996185303,19.2000007629395,11.4099998474121,9.90348720550537,1.60743582248688,5.63121175765991,20,20
"38",13668,0.0799999982118607,4.98999977111816,5.84999990463257,3.9300000667572,5,27.8999996185303,19.2000007629395,8.77000045776367,9.52281284332275,1.60743582248688,5.63121175765991,13.668,13.668
"39",24701,0.174999997019768,4.98999977111816,5.96999979019165,3.84999990463257,5,27.8999996185303,19.2000007629395,10.1300001144409,10.1145992279053,1.60743582248688,5.63121175765991,24.701,24.701
"40",30801,0.0280000008642673,4.28000020980835,6.59000015258789,5.40000009536743,3,25.2000007629395,18.2999992370605,4.32000017166138,10.3353023529053,1.45395302772522,5.52942895889282,30.801,30.801
"41",34899,0.034000001847744,4.28000020980835,7.01999998092651,5.40000009536743,3,25.2000007629395,18.2999992370605,1.98000001907349,10.4602136611938,1.45395302772522,5.52942895889282,34.899,34.899
"42",26601,0.127000004053116,4.48000001907349,6.76999998092651,5.71999979019165,3,23.2999992370605,17.8999996185303,4.84000015258789,10.1887044906616,1.49962306022644,5.4510383605957,26.601,26.601
"43",25301,0.141000002622604,4.48000001907349,6.17000007629395,5.71999979019165,3,23.2999992370605,17.8999996185303,5.80999994277954,10.138599395752,1.49962306022644,5.4510383605957,25.301,25.301
"44",24701,0.158999994397163,4.48000001907349,6.21000003814697,5.71999979019165,3,23.2999992370605,17.8999996185303,7.44000005722046,10.1145992279053,1.49962306022644,5.4510383605957,24.701,24.701
"45",21200,0.123000003397465,4.48000001907349,6.07000017166138,5.71999979019165,3,23.2999992370605,17.8999996185303,9.55000019073486,9.96175670623779,1.49962306022644,5.4510383605957,21.2,21.2
"46",19300,0.171000003814697,4.48000001907349,5.67999982833862,5.09999990463257,3,23.2999992370605,17.8999996185303,10.210000038147,9.86786079406738,1.49962306022644,5.4510383605957,19.3,19.3
"47",20000,0.187999993562698,4.48000001907349,5.78999996185303,5.09999990463257,3,23.2999992370605,17.8999996185303,14.1499996185303,9.90348720550537,1.49962306022644,5.4510383605957,20,20
"48",16600,0.229000002145767,4.48000001907349,6.03000020980835,5.69000005722046,3,23.2999992370605,17.8999996185303,18.7999992370605,9.71715831756592,1.49962306022644,5.4510383605957,16.6,16.6
"49",14400,0.254000008106232,4.48000001907349,5.40000009536743,5.86999988555908,3,23.2999992370605,17.8999996185303,30.8099994659424,9.57498359680176,1.49962306022644,5.4510383605957,14.4,14.4
"50",19400,0.219999998807907,4.48000001907349,5.59999990463257,6.09000015258789,3,23.2999992370605,17.8999996185303,16.2000007629395,9.87302875518799,1.49962306022644,5.4510383605957,19.4,19.4
"51",19700,0.0890000015497208,4.3899998664856,5.96000003814697,6.80999994277954,4,24.2999992370605,16.7999992370605,13.4499998092651,9.88837432861328,1.47932922840118,5.49306154251099,19.7,19.7
"52",20500,0.0430000014603138,4.3899998664856,6.1100001335144,6.80999994277954,4,24.2999992370605,16.7999992370605,9.43000030517578,9.92817974090576,1.47932922840118,5.49306154251099,20.5,20.5
"53",22620,0.0540000014007092,4.3899998664856,6.51000022888184,6.80999994277954,4,24.2999992370605,16.7999992370605,5.28000020980835,10.0265893936157,1.47932922840118,5.49306154251099,22.62,22.62
"54",23400,0.0500000007450581,4.3899998664856,6,6.80999994277954,4,24.2999992370605,21.1000003814697,8.43000030517578,10.0604915618896,1.47932922840118,5.49306154251099,23.4,23.4
"55",18900,0.0140000004321337,4.09999990463257,5.8899998664856,7.32000017166138,3,46.9000015258789,17.8999996185303,14.8000001907349,9.84691715240479,1.41098690032959,6.1506028175354,18.9,18.9
"56",35401,0.0130000002682209,4.03000020980835,7.25,8.69999980926514,5,22.6000003814697,17.2999992370605,4.80999994277954,10.474494934082,1.39376640319824,5.42053508758545,35.401,35.401
"57",24701,0.0209999997168779,4.09999990463257,6.38000011444092,9.1899995803833,2,31.2999992370605,15.1000003814697,5.76999998092651,10.1145992279053,1.41098690032959,5.74620342254639,24.701,24.701
"58",32562,0.0140000004321337,4.1100001335144,6.82000017166138,8.31999969482422,5,25.6000003814697,19.7000007629395,3.95000004768372,10.3909015655518,1.41342306137085,5.5451774597168,32.562,32.562
"59",23300,0.153999999165535,4.53000020980835,6.1399998664856,7.80999994277954,8,28.3999996185303,19.7000007629395,6.8600001335144,10.0562086105347,1.51072204113007,5.64897441864014,23.3,23.3
"60",19600,0.103000000119209,4.53000020980835,5.92999982833862,6.92999982833862,8,28.3999996185303,19.7000007629395,9.22000026702881,9.88328456878662,1.51072204113007,5.64897441864014,19.6,19.6
"61",18700,0.149000003933907,4.53000020980835,5.73999977111816,6.76000022888184,8,28.3999996185303,19.7000007629395,13.1499996185303,9.83627891540527,1.51072204113007,5.64897441864014,18.7,18.7
"62",16000,0.172000005841255,4.53000020980835,5.96999979019165,6.82000017166138,8,28.3999996185303,19.7000007629395,14.4399995803833,9.68034362792969,1.51072204113007,5.64897441864014,16,16
"63",22199,0.109999999403954,4.53000020980835,6.46000003814697,7.23000001907349,8,28.3999996185303,19.7000007629395,6.73000001907349,10.0078029632568,1.51072204113007,5.64897441864014,22.199,22.199
"64",24999,0.127000004053116,4.53000020980835,6.76000022888184,7.98000001907349,8,28.3999996185303,19.7000007629395,9.5,10.1265907287598,1.51072204113007,5.64897441864014,24.999,24.999
"65",33001,0.0199999995529652,4.15999984741211,7.09999990463257,9.22000026702881,3,21.6000003814697,18.6000003814697,8.05000019073486,10.4042930603027,1.42551505565643,5.37527847290039,33.001,33.001
"66",23501,0.0359999984502792,3.98000001907349,6.28999996185303,6.6100001335144,4,33.7000007629395,16.1000003814697,4.67000007629395,10.0647983551025,1.38128185272217,5.8200831413269,23.501,23.501
"67",19400,0.0439999997615814,3.98000001907349,5.78999996185303,6.6100001335144,4,33.7000007629395,16.1000003814697,10.2399997711182,9.87302875518799,1.38128185272217,5.8200831413269,19.4,19.4
"68",22000,0.0579999983310699,4.09000015258789,5.88000011444092,6.5,4,34.5,18.8999996185303,8.10000038146973,9.99879741668701,1.40854501724243,5.84354448318481,22,22
"69",17400,0.136000007390976,4.09000015258789,5.59000015258789,6.5,4,34.5,18.8999996185303,13.0900001525879,9.76422595977783,1.40854501724243,5.84354448318481,17.4,17.4
"70",20900,0.128000006079674,4.09000015258789,5.88000011444092,6.5,4,34.5,18.8999996185303,8.78999996185303,9.9475040435791,1.40854501724243,5.84354448318481,20.9,20.9
"71",24200,0.0879999995231628,4.13000011444092,6.42000007629395,5.28999996185303,4,30.5,19.2000007629395,6.71999979019165,10.0941076278687,1.41827738285065,5.72031164169312,24.2,24.2
"72",21700,0.158999994397163,4.13000011444092,5.96000003814697,5.28999996185303,4,30.5,19.2000007629395,9.88000011444092,9.98506736755371,1.41827738285065,5.72031164169312,21.7,21.7
"73",22800,0.0920000001788139,4.13000011444092,6.05999994277954,5.28999996185303,4,30.5,19.2000007629395,5.51999998092651,10.0345153808594,1.41827738285065,5.72031164169312,22.8,22.8
"74",23400,0.194999992847443,4.13000011444092,6.23999977111816,5.28999996185303,4,30.5,19.2000007629395,7.53999996185303,10.0604915618896,1.41827738285065,5.72031164169312,23.4,23.4
"75",24101,0.0790000036358833,4.36999988555908,6.26999998092651,4.25,5,39.7999992370605,18.7000007629395,6.78000020980835,10.0900087356567,1.47476303577423,5.98645210266113,24.101,24.101
"76",21400,0.0949999988079071,4.36999988555908,6.28999996185303,4.5,5,39.7999992370605,18.7000007629395,8.9399995803833,9.97114658355713,1.47476303577423,5.98645210266113,21.4,21.4
"77",20000,0.101999998092651,4.36999988555908,6.28000020980835,4.05000019073486,5,39.7999992370605,18.7000007629395,11.9700002670288,9.90348720550537,1.47476303577423,5.98645210266113,20,20
"78",20800,0.0869999974966049,4.36999988555908,6.1399998664856,4.09000015258789,5,39.7999992370605,18.7000007629395,10.2700004577637,9.94270801544189,1.47476303577423,5.98645210266113,20.8,20.8
"79",21200,0.0560000017285347,4.36999988555908,6.23000001907349,5.01000022888184,5,39.7999992370605,18.7000007629395,12.3400001525879,9.96175670623779,1.47476303577423,5.98645210266113,21.2,21.2
"80",20300,0.0839999988675117,4.36999988555908,5.86999988555908,4.5,5,39.7999992370605,18.7000007629395,9.10000038146973,9.91837596893311,1.47476303577423,5.98645210266113,20.3,20.3
"81",28001,0.0410000011324883,4.26000022888184,6.73000001907349,5.40000009536743,4,28.1000003814697,19,5.28999996185303,10.2399959564209,1.44926917552948,5.63835477828979,28.001,28.001
"82",23899,0.0450000017881393,4.26000022888184,6.61999988555908,5.40000009536743,4,28.1000003814697,19,7.21999979019165,10.0815916061401,1.44926917552948,5.63835477828979,23.899,23.899
"83",24800,0.0370000004768372,4.26000022888184,6.30000019073486,5.40000009536743,4,28.1000003814697,19,6.71999979019165,10.1185989379883,1.44926917552948,5.63835477828979,24.8,24.8
"84",22900,0.0359999984502792,4.26000022888184,6.17000007629395,5.40000009536743,4,28.1000003814697,19,7.51000022888184,10.0388917922974,1.44926917552948,5.63835477828979,22.9,22.9
"85",23899,0.0509999990463257,4.48999977111816,6.3899998664856,4.78000020980835,3,24.7000007629395,18.5,9.61999988555908,10.0815916061401,1.50185263156891,5.50938844680786,23.899,23.899
"86",26601,0.0570000000298023,4.48999977111816,6.63000011444092,4.44000005722046,3,24.7000007629395,18.5,6.53000020980835,10.1887044906616,1.50185263156891,5.50938844680786,26.601,26.601
"87",22501,0.0520000010728836,4.48999977111816,6.01000022888184,4.42999982833862,3,24.7000007629395,18.5,12.8599996566772,10.0213146209717,1.50185263156891,5.50938844680786,22.501,22.501
"88",22199,0.0719999969005585,4.48999977111816,6.11999988555908,3.75,3,24.7000007629395,18.5,8.4399995803833,10.0078029632568,1.50185263156891,5.50938844680786,22.199,22.199
"89",23600,0.0570000000298023,4.8899998664856,7.01000022888184,3.42000007629395,2,27,17.7999992370605,5.5,10.0690021514893,1.58719229698181,5.59842205047607,23.6,23.6
"90",28701,0.0529999993741512,4.8899998664856,7.07999992370605,3.41000008583069,2,27,17.7999992370605,5.69999980926514,10.264687538147,1.58719229698181,5.59842205047607,28.701,28.701
"91",22600,0.0469999983906746,4.8899998664856,6.42000007629395,3.08999991416931,2,27,17.7999992370605,8.8100004196167,10.0257053375244,1.58719229698181,5.59842205047607,22.6,22.6
"92",22000,0.0390000008046627,4.8899998664856,6.40000009536743,3.08999991416931,2,27,17.7999992370605,8.19999980926514,9.99879741668701,1.58719229698181,5.59842205047607,22,22
"93",22900,0.0419999994337559,4.6399998664856,6.44000005722046,3.67000007629395,4,27,18.2000007629395,8.15999984741211,10.0388917922974,1.53471434116364,5.59842205047607,22.9,22.9
"94",24999,0.028999999165535,4.6399998664856,6.21000003814697,3.67000007629395,4,27,18.2000007629395,6.21000003814697,10.1265907287598,1.53471434116364,5.59842205047607,24.999,24.999
"95",20600,0.0430000014603138,4.6399998664856,6.25,3.60999989509583,4,27,18.2000007629395,10.5900001525879,9.93304634094238,1.53471434116364,5.59842205047607,20.6,20.6
"96",28399,0.122000001370907,4.44999980926514,6.61999988555908,3.5,2,27.6000003814697,18,6.65000009536743,10.2541093826294,1.49290406703949,5.62040090560913,28.399,28.399
"97",21400,0.115000002086163,4.44999980926514,6.15999984741211,3.5,2,27.6000003814697,18,11.3400001525879,9.97114658355713,1.49290406703949,5.62040090560913,21.4,21.4
"98",38700,0.120999999344349,4.44999980926514,8.06999969482422,3.5,2,27.6000003814697,18,4.21000003814697,10.5635948181152,1.49290406703949,5.62040090560913,38.7,38.7
"99",43800,0.0820000022649765,4.44999980926514,7.82000017166138,3.5,2,27.6000003814697,18,3.5699999332428,10.6873893737793,1.49290406703949,5.62040090560913,43.8,43.8
"100",33200,0.0689999982714653,4.44999980926514,7.42000007629395,3.5,2,27.6000003814697,18,6.19000005722046,10.4103050231934,1.49290406703949,5.62040090560913,33.2,33.2
"101",27499,0.149000003933907,5.19999980926514,6.73000001907349,2.77999997138977,5,38.4000015258789,20.8999996185303,9.42000007629395,10.2219047546387,1.64865863323212,5.95064258575439,27.499,27.499
"102",26500,0.114000000059605,5.19999980926514,6.78000020980835,2.85999989509583,5,38.4000015258789,20.8999996185303,7.67000007629395,10.1849002838135,1.64865863323212,5.95064258575439,26.5,26.5
"103",18600,0.229000002145767,5.19999980926514,6.40000009536743,2.71000003814697,5,38.4000015258789,20.8999996185303,10.6300001144409,9.83091640472412,1.64865863323212,5.95064258575439,18.6,18.6
"104",19300,0.211999997496605,5.19999980926514,6.1399998664856,2.71000003814697,5,38.4000015258789,20.8999996185303,13.4399995803833,9.86786079406738,1.64865863323212,5.95064258575439,19.3,19.3
"105",20100,0.140000000596046,5.19999980926514,6.17000007629395,2.42000007629395,5,38.4000015258789,20.8999996185303,12.3299999237061,9.90847492218018,1.64865863323212,5.95064258575439,20.1,20.1
"106",19500,0.133000001311302,5.19999980926514,5.84999990463257,2.10999989509583,5,38.4000015258789,20.8999996185303,16.4699993133545,9.87817001342773,1.64865863323212,5.95064258575439,19.5,19.5
"107",19500,0.171000003814697,5.19999980926514,5.84000015258789,2.21000003814697,5,38.4000015258789,20.8999996185303,18.6599998474121,9.87817001342773,1.64865863323212,5.95064258575439,19.5,19.5
"108",20400,0.130999997258186,5.19999980926514,6.13000011444092,2.11999988555908,5,38.4000015258789,20.8999996185303,14.0900001525879,9.92329025268555,1.64865863323212,5.95064258575439,20.4,20.4
"109",19800,0.128000006079674,5.19999980926514,6.46999979019165,2.4300000667572,5,38.4000015258789,20.8999996185303,12.2700004577637,9.89343738555908,1.64865863323212,5.95064258575439,19.8,19.8
"110",19400,0.263999998569489,5.19999980926514,6.23000001907349,2.54999995231628,5,38.4000015258789,20.8999996185303,15.5500001907349,9.87302875518799,1.64865863323212,5.95064258575439,19.4,19.4
"111",21700,0.108000002801418,5.46999979019165,6.19000005722046,2.77999997138977,5,38.4000015258789,20.8999996185303,13,9.98506736755371,1.69927859306335,5.95064258575439,21.7,21.7
"112",22800,0.101000003516674,5.46999979019165,6.71000003814697,2.6800000667572,6,43.2000007629395,17.7999992370605,10.1599998474121,10.0345153808594,1.69927859306335,6.06842565536499,22.8,22.8
"113",18800,0.123000003397465,5.46999979019165,5.90999984741211,2.34999990463257,6,43.2000007629395,17.7999992370605,16.2099990844727,9.84161186218262,1.69927859306335,6.06842565536499,18.8,18.8
"114",18700,0.222000002861023,5.46999979019165,6.09000015258789,2.63000011444092,6,43.2000007629395,17.7999992370605,17.0900001525879,9.83627891540527,1.69927859306335,6.06842565536499,18.7,18.7
"115",18500,0.142000004649162,5.46999979019165,6.25,2.25999999046326,6,43.2000007629395,17.7999992370605,10.4499998092651,9.82552623748779,1.69927859306335,6.06842565536499,18.5,18.5
"116",18300,0.171000003814697,5.46999979019165,5.92999982833862,2.46000003814697,6,43.2000007629395,17.7999992370605,15.7600002288818,9.81465625762939,1.69927859306335,6.06842565536499,18.3,18.3
"117",21200,0.131999999284744,5.46999979019165,6.17999982833862,2.73000001907349,6,43.2000007629395,17.7999992370605,12.039999961853,9.96175670623779,1.69927859306335,6.06842565536499,21.2,21.2
"118",19200,0.150999993085861,5.46999979019165,6.01999998092651,2.75,6,43.2000007629395,17.7999992370605,10.3000001907349,9.8626651763916,1.69927859306335,6.06842565536499,19.2,19.2
"119",20400,0.130999997258186,5.46999979019165,5.86999988555908,2.48000001907349,6,43.2000007629395,17.7999992370605,15.3699998855591,9.92329025268555,1.69927859306335,6.06842565536499,20.4,20.4
"120",19300,0.144999995827675,5.80999994277954,5.73000001907349,2.75999999046326,6,43.2000007629395,17.7999992370605,13.6099996566772,9.86786079406738,1.75958061218262,6.06842565536499,19.3,19.3
"121",22000,0.0689999982714653,5.80999994277954,5.86999988555908,2.25999999046326,2,18.7999992370605,19.1000003814697,39.0699996948242,9.99879741668701,1.75958061218262,5.23644208908081,22,22
"122",20300,0.0719999969005585,5.80999994277954,6,2.20000004768372,2,18.7999992370605,19.1000003814697,14.2700004577637,9.91837596893311,1.75958061218262,5.23644208908081,20.3,20.3
"123",20500,0.0930000022053719,5.80999994277954,5.96000003814697,2.08999991416931,2,18.7999992370605,19.1000003814697,17.9300003051758,9.92817974090576,1.75958061218262,5.23644208908081,20.5,20.5
"124",17300,0.150000005960464,5.80999994277954,5.8600001335144,1.94000005722046,2,18.7999992370605,19.1000003814697,25.4099998474121,9.75846195220947,1.75958061218262,5.23644208908081,17.3,17.3
"125",18800,0.0979999974370003,5.80999994277954,5.88000011444092,2.00999999046326,2,18.7999992370605,19.1000003814697,17.5799999237061,9.84161186218262,1.75958061218262,5.23644208908081,18.8,18.8
"126",21400,0.168999999761581,5.80999994277954,5.98999977111816,1.99000000953674,2,18.7999992370605,19.1000003814697,14.8100004196167,9.97114658355713,1.75958061218262,5.23644208908081,21.4,21.4
"127",15700,0.386999994516373,6.23999977111816,5.6100001335144,1.75999999046326,2,18.7999992370605,19.1000003814697,27.2600002288818,9.66141605377197,1.83098018169403,5.23644208908081,15.7,15.7
"128",16200,0.25900000333786,6.23999977111816,5.69000005722046,1.78999996185303,4,43.7000007629395,21.2000007629395,17.1900005340576,9.6927661895752,1.83098018169403,6.07993316650391,16.2,16.2
"129",18000,0.324999988079071,6.23999977111816,6.42999982833862,1.80999994277954,4,43.7000007629395,21.2000007629395,15.3900003433228,9.79812717437744,1.83098018169403,6.07993316650391,18,18
"130",14300,0.880999982357025,6.23999977111816,5.6399998664856,1.98000001907349,4,43.7000007629395,21.2000007629395,18.3400001525879,9.56801509857178,1.83098018169403,6.07993316650391,14.3,14.3
"131",19200,0.340000003576279,6.23999977111816,6.46000003814697,2.11999988555908,4,43.7000007629395,21.2000007629395,12.6000003814697,9.8626651763916,1.83098018169403,6.07993316650391,19.2,19.2
"132",19600,1.192999958992,6.23999977111816,6.32999992370605,2.26999998092651,4,43.7000007629395,21.2000007629395,12.2600002288818,9.88328456878662,1.83098018169403,6.07993316650391,19.6,19.6
"133",23001,0.589999973773956,6.23999977111816,6.36999988555908,2.32999992370605,4,43.7000007629395,21.2000007629395,11.1199998855591,10.0432929992676,1.83098018169403,6.07993316650391,23.001,23.001
"134",18400,0.330000013113022,6.23999977111816,5.82000017166138,2.47000002861023,4,43.7000007629395,21.2000007629395,15.0299997329712,9.82010555267334,1.83098018169403,6.07993316650391,18.4,18.4
"135",15600,0.976000010967255,6.23999977111816,5.76000022888184,2.34999990463257,4,43.7000007629395,21.2000007629395,17.3099994659424,9.65502643585205,1.83098018169403,6.07993316650391,15.6,15.6
"136",18100,0.558000028133392,6.23999977111816,6.32999992370605,2.10999989509583,4,43.7000007629395,21.2000007629395,16.9599990844727,9.80366706848145,1.83098018169403,6.07993316650391,18.1,18.1
"137",17400,0.323000013828278,6.23999977111816,5.94000005722046,1.97000002861023,4,43.7000007629395,21.2000007629395,16.8999996185303,9.76422595977783,1.83098018169403,6.07993316650391,17.4,17.4
"138",17100,0.351999998092651,6.23999977111816,6.44999980926514,1.85000002384186,4,43.7000007629395,21.2000007629395,14.5900001525879,9.74683380126953,1.83098018169403,6.07993316650391,17.1,17.1
"139",13300,0.25,6.23999977111816,5.8600001335144,1.66999995708466,4,43.7000007629395,21.2000007629395,21.3199996948242,9.49551963806152,1.83098018169403,6.07993316650391,13.3,13.3
"140",17800,0.545000016689301,6.23999977111816,6.15000009536743,1.66999995708466,4,43.7000007629395,21.2000007629395,18.4599990844727,9.78695392608643,1.83098018169403,6.07993316650391,17.8,17.8
"141",14000,0.291000008583069,6.23999977111816,6.17000007629395,1.61000001430511,4,43.7000007629395,21.2000007629395,24.1599998474121,9.54681301116943,1.83098018169403,6.07993316650391,14,14
"142",14400,1.62899994850159,6.23999977111816,5.01999998092651,1.44000005722046,4,43.7000007629395,21.2000007629395,34.4099998474121,9.57498359680176,1.83098018169403,6.07993316650391,14.4,14.4
"143",13400,3.32100009918213,8.71000003814697,5.40000009536743,1.32000005245209,5,40.2999992370605,14.6999998092651,26.8199996948242,9.50300979614258,2.16447186470032,5.99893665313721,13.4,13.4
"144",15600,4.09700012207031,8.71000003814697,5.46999979019165,1.4099999666214,5,40.2999992370605,14.6999998092651,26.4200000762939,9.65502643585205,2.16447186470032,5.99893665313721,15.6,15.6
"145",11800,2.77999997138977,8.71000003814697,4.90000009536743,1.35000002384186,5,40.2999992370605,14.6999998092651,29.2900009155273,9.3758544921875,2.16447186470032,5.99893665313721,11.8,11.8
"146",13800,2.37899994850159,8.71000003814697,6.13000011444092,1.41999995708466,5,40.2999992370605,14.6999998092651,27.7999992370605,9.5324239730835,2.16447186470032,5.99893665313721,13.8,13.8
"147",15600,2.15499997138977,8.71000003814697,5.63000011444092,1.51999998092651,5,40.2999992370605,14.6999998092651,16.6499996185303,9.65502643585205,2.16447186470032,5.99893665313721,15.6,15.6
"148",14600,2.36899995803833,8.71000003814697,4.92999982833862,1.46000003814697,5,40.2999992370605,14.6999998092651,29.5300006866455,9.58877658843994,2.16447186470032,5.99893665313721,14.6,14.6
"149",17794,2.33100008964539,8.71000003814697,5.19000005722046,1.52999997138977,5,40.2999992370605,14.6999998092651,28.3199996948242,9.78661632537842,2.16447186470032,5.99893665313721,17.794,17.794
"150",15400,2.73399996757507,8.71000003814697,5.59999990463257,1.52999997138977,5,40.2999992370605,14.6999998092651,21.4500007629395,9.64212322235107,2.16447186470032,5.99893665313721,15.4,15.4
"151",21500,1.65699994564056,8.71000003814697,6.11999988555908,1.62000000476837,5,40.2999992370605,14.6999998092651,14.1000003814697,9.97580814361572,2.16447186470032,5.99893665313721,21.5,21.5
"152",19600,1.49600005149841,8.71000003814697,5.40000009536743,1.5900000333786,5,40.2999992370605,14.6999998092651,13.2799997329712,9.88328456878662,2.16447186470032,5.99893665313721,19.6,19.6
"153",15300,1.12699997425079,8.71000003814697,5.01000022888184,1.61000001430511,5,40.2999992370605,14.6999998092651,12.1199998855591,9.63560771942139,2.16447186470032,5.99893665313721,15.3,15.3
"154",19400,3.1489999294281,8.71000003814697,5.71000003814697,1.62000000476837,5,40.2999992370605,14.6999998092651,15.789999961853,9.87302875518799,2.16447186470032,5.99893665313721,19.4,19.4
"155",17000,1.41400003433228,8.71000003814697,6.13000011444092,1.75,5,40.2999992370605,14.6999998092651,15.1199998855591,9.74096870422363,2.16447186470032,5.99893665313721,17,17
"156",15600,3.53500008583069,8.71000003814697,6.15000009536743,1.75,5,40.2999992370605,14.6999998092651,15.0200004577637,9.65502643585205,2.16447186470032,5.99893665313721,15.6,15.6
"157",13100,2.44700002670288,8.71000003814697,5.26999998092651,1.74000000953674,5,40.2999992370605,14.6999998092651,16.1399993896484,9.48036766052246,2.16447186470032,5.99893665313721,13.1,13.1
"158",41299,1.22399997711182,6.05000019073486,6.94000005722046,1.87999999523163,5,40.2999992370605,14.6999998092651,4.59000015258789,10.6285934448242,1.80005824565887,5.99893665313721,41.299,41.299
"159",24299,1.34300005435944,6.05000019073486,6.07000017166138,1.75999999046326,5,40.2999992370605,14.6999998092651,6.42999982833862,10.0981903076172,1.80005824565887,5.99893665313721,24.299,24.299
"160",23300,1.42499995231628,8.71000003814697,6.51000022888184,1.76999998092651,5,40.2999992370605,14.6999998092651,7.3899998664856,10.0562086105347,2.16447186470032,5.99893665313721,23.3,23.3
"161",27000,1.27300000190735,6.05000019073486,6.25,1.79999995231628,5,40.2999992370605,14.6999998092651,5.5,10.203592300415,1.80005824565887,5.99893665313721,27,27
"162",50001,1.46300005912781,6.05000019073486,7.48999977111816,1.97000002861023,5,40.2999992370605,14.6999998092651,1.73000001907349,10.8197984695435,1.80005824565887,5.99893665313721,50.001,50.001
"163",50001,1.83399999141693,6.05000019073486,7.80000019073486,2.03999996185303,5,40.2999992370605,14.6999998092651,1.91999995708466,10.8197984695435,1.80005824565887,5.99893665313721,50.001,50.001
"164",50001,1.51900005340576,6.05000019073486,8.36999988555908,2.16000008583069,5,40.2999992370605,14.6999998092651,3.3199999332428,10.8197984695435,1.80005824565887,5.99893665313721,50.001,50.001
"165",22700,2.24200010299683,6.05000019073486,5.84999990463257,2.42000007629395,5,40.2999992370605,14.6999998092651,11.6400003433228,10.0301198959351,1.80005824565887,5.99893665313721,22.7,22.7
"166",24999,2.92400002479553,6.05000019073486,6.09999990463257,2.27999997138977,5,40.2999992370605,14.6999998092651,9.8100004196167,10.1265907287598,1.80005824565887,5.99893665313721,24.999,24.999
"167",50001,2.00999999046326,6.05000019073486,7.92999982833862,2.04999995231628,5,40.2999992370605,14.6999998092651,3.70000004768372,10.8197984695435,1.80005824565887,5.99893665313721,50.001,50.001
"168",23799,1.79999995231628,6.05000019073486,5.88000011444092,2.4300000667572,5,40.2999992370605,14.6999998092651,12.1400003433228,10.0773992538452,1.80005824565887,5.99893665313721,23.799,23.799
"169",23799,2.29999995231628,6.05000019073486,6.32000017166138,2.09999990463257,5,40.2999992370605,14.6999998092651,11.0900001525879,10.0773992538452,1.80005824565887,5.99893665313721,23.799,23.799
"170",22299,2.45000004768372,6.05000019073486,6.40000009536743,2.25999999046326,5,40.2999992370605,14.6999998092651,11.3199996948242,10.0122966766357,1.80005824565887,5.99893665313721,22.299,22.299
"171",17400,1.20700001716614,6.05000019073486,5.86999988555908,2.4300000667572,5,40.2999992370605,14.6999998092651,14.4300003051758,9.76422595977783,1.80005824565887,5.99893665313721,17.4,17.4
"172",19100,2.31399989128113,6.05000019073486,5.88000011444092,2.39000010490417,5,40.2999992370605,14.6999998092651,12.0299997329712,9.85744380950928,1.80005824565887,5.99893665313721,19.1,19.1
"173",23100,0.138999998569489,5.09999990463257,5.57000017166138,2.59999990463257,5,29.6000003814697,16.6000003814697,14.6899995803833,10.0475883483887,1.6292405128479,5.69035959243774,23.1,23.1
"174",23600,0.0920000001788139,5.09999990463257,6.42000007629395,2.65000009536743,5,29.6000003814697,16.6000003814697,9.03999996185303,10.0690021514893,1.6292405128479,5.69035959243774,23.6,23.6
"175",22600,0.0839999988675117,5.09999990463257,5.8600001335144,2.70000004768372,5,29.6000003814697,16.6000003814697,9.64000034332275,10.0257053375244,1.6292405128479,5.69035959243774,22.6,22.6
"176",29401,0.0670000016689301,5.09999990463257,6.55000019073486,3.13000011444092,5,29.6000003814697,16.6000003814697,5.32999992370605,10.2887840270996,1.6292405128479,5.69035959243774,29.401,29.401
"177",23200,0.0700000002980232,5.09999990463257,6.01999998092651,3.54999995231628,5,29.6000003814697,16.6000003814697,10.1099996566772,10.0519075393677,1.6292405128479,5.69035959243774,23.2,23.2
"178",24600,0.0540000014007092,5.09999990463257,6.30999994277954,3.29999995231628,5,29.6000003814697,16.6000003814697,6.28999996185303,10.1105012893677,1.6292405128479,5.69035959243774,24.6,24.6
"179",29900,0.0659999996423721,5.09999990463257,6.8600001335144,2.91000008583069,5,29.6000003814697,16.6000003814697,6.92000007629395,10.3056135177612,1.6292405128479,5.69035959243774,29.9,29.9
"180",37201,0.0579999983310699,4.88000011444092,6.98000001907349,2.82999992370605,3,19.2999992370605,17.7999992370605,5.03999996185303,10.5240907669067,1.58514523506165,5.26269006729126,37.201,37.201
"181",39799,0.0659999996423721,4.88000011444092,7.76000022888184,2.74000000953674,3,19.2999992370605,17.7999992370605,7.55999994277954,10.5915966033936,1.58514523506165,5.26269006729126,39.799,39.799
"182",36199,0.0689999982714653,4.88000011444092,6.1399998664856,2.59999990463257,3,19.2999992370605,17.7999992370605,9.44999980926514,10.496787071228,1.58514523506165,5.26269006729126,36.199,36.199
"183",37900,0.090999998152256,4.88000011444092,7.15000009536743,2.70000004768372,3,19.2999992370605,17.7999992370605,4.82000017166138,10.542706489563,1.58514523506165,5.26269006729126,37.9,37.9
"184",32500,0.100000001490116,4.88000011444092,6.55999994277954,2.84999990463257,3,19.2999992370605,17.7999992370605,5.67999982833862,10.3889951705933,1.58514523506165,5.26269006729126,32.5,32.5
"185",26399,0.0829999968409538,4.88000011444092,5.59999990463257,2.99000000953674,3,19.2999992370605,17.7999992370605,13.9799995422363,10.1810817718506,1.58514523506165,5.26269006729126,26.399,26.399
"186",29599,0.0599999986588955,4.88000011444092,6.15000009536743,3.27999997138977,3,19.2999992370605,17.7999992370605,13.1499996185303,10.2954959869385,1.58514523506165,5.26269006729126,29.599,29.599
"187",50001,0.0560000017285347,4.88000011444092,7.82999992370605,3.20000004768372,3,19.2999992370605,17.7999992370605,4.44999980926514,10.8197984695435,1.58514523506165,5.26269006729126,50.001,50.001
"188",32000,0.0790000036358833,4.36999988555908,6.78000020980835,3.78999996185303,5,39.7999992370605,15.1999998092651,6.67999982833862,10.3734912872314,1.47476303577423,5.98645210266113,32,32
"189",29801,0.126000002026558,4.36999988555908,6.55999994277954,4.57000017166138,5,39.7999992370605,15.1999998092651,4.55999994277954,10.3022975921631,1.47476303577423,5.98645210266113,29.801,29.801
"190",34899,0.0839999988675117,4.36999988555908,7.17999982833862,4.57000017166138,5,39.7999992370605,15.1999998092651,5.3899998664856,10.4602136611938,1.47476303577423,5.98645210266113,34.899,34.899
"191",37001,0.090999998152256,4.36999988555908,6.94999980926514,6.48000001907349,5,39.7999992370605,15.1999998092651,5.09999990463257,10.5187005996704,1.47476303577423,5.98645210266113,37.001,37.001
"192",30501,0.0689999982714653,4.36999988555908,6.73999977111816,6.48000001907349,5,39.7999992370605,15.1999998092651,4.69000005722046,10.325514793396,1.47476303577423,5.98645210266113,30.501,30.501
"193",36399,0.0869999974966049,4.36999988555908,7.17999982833862,6.48000001907349,5,39.7999992370605,15.1999998092651,2.86999988555908,10.5022964477539,1.47476303577423,5.98645210266113,36.399,36.399
"194",31101,0.0219999998807907,4.01000022888184,6.80000019073486,6.21999979019165,1,26.5,15.6000003814697,5.03000020980835,10.3449954986572,1.38879132270813,5.57973003387451,31.101,31.101
"195",29100,0.0140000004321337,4.01000022888184,6.59999990463257,6.21999979019165,1,26.5,15.6000003814697,4.38000011444092,10.2784938812256,1.38879132270813,5.57973003387451,29.1,29.1
"196",50001,0.0140000004321337,4.21999979019165,7.86999988555908,5.65000009536743,4,25.5,14.3999996185303,2.97000002861023,10.8197984695435,1.43983507156372,5.54126358032227,50.001,50.001
"197",33300,0.0399999991059303,4.03999996185303,7.28999996185303,7.30999994277954,2,32.9000015258789,12.6000003814697,4.07999992370605,10.4133129119873,1.39624464511871,5.79605770111084,33.3,33.3
"198",30300,0.0469999983906746,4.03999996185303,7.1100001335144,7.30999994277954,2,32.9000015258789,12.6000003814697,8.60999965667725,10.3189029693604,1.39624464511871,5.79605770111084,30.3,30.3
"199",34600,0.0379999987781048,4.03999996185303,7.26999998092651,7.30999994277954,2,32.9000015258789,12.6000003814697,6.61999988555908,10.4516086578369,1.39624464511871,5.79605770111084,34.6,34.6
"200",34899,0.0320000015199184,4.03000020980835,6.96999979019165,7.65000009536743,3,40.2000007629395,17,4.55999994277954,10.4602136611938,1.39376640319824,5.99645185470581,34.899,34.899
"201",32899,0.0179999992251396,4.03000020980835,7.13000011444092,7.65000009536743,3,40.2000007629395,17,4.44999980926514,10.4011974334717,1.39376640319824,5.99645185470581,32.899,32.899
"202",24101,0.034000001847744,4.15000009536743,6.15999984741211,6.26999998092651,2,34.7999992370605,14.6999998092651,7.42999982833862,10.0900087356567,1.42310833930969,5.85220241546631,24.101,24.101
"203",42302,0.0219999998807907,4.15000009536743,7.6100001335144,6.26999998092651,2,34.7999992370605,14.6999998092651,3.10999989509583,10.6525897979736,1.42310833930969,5.85220241546631,42.302,42.302
"204",48499,0.0350000001490116,4.15999984741211,7.84999990463257,5.11999988555908,4,22.3999996185303,14.6999998092651,3.80999994277954,10.7892980575562,1.42551505565643,5.41164588928223,48.499,48.499
"205",50001,0.0199999995529652,4.15999984741211,8.02999973297119,5.11999988555908,4,22.3999996185303,14.6999998092651,2.88000011444092,10.8197984695435,1.42551505565643,5.41164588928223,50.001,50.001
"206",22600,0.136000007390976,4.8899998664856,5.8899998664856,3.95000004768372,4,27.7000007629395,18.6000003814697,10.8699998855591,10.0257053375244,1.58719229698181,5.6240177154541,22.6,22.6
"207",24399,0.230000004172325,4.8899998664856,6.32999992370605,4.34999990463257,4,27.7000007629395,18.6000003814697,10.9700002670288,10.1022977828979,1.58719229698181,5.6240177154541,24.399,24.399
"208",22501,0.252000004053116,4.8899998664856,5.78000020980835,4.34999990463257,4,27.7000007629395,18.6000003814697,18.0599994659424,10.0213146209717,1.58719229698181,5.6240177154541,22.501,22.501
"209",24399,0.136000007390976,4.8899998664856,6.05999994277954,4.23999977111816,4,27.7000007629395,18.6000003814697,14.6599998474121,10.1022977828979,1.58719229698181,5.6240177154541,24.399,24.399
"210",20000,0.435999989509583,4.8899998664856,5.34000015258789,3.86999988555908,4,27.7000007629395,18.6000003814697,23.0900001525879,9.90348720550537,1.58719229698181,5.6240177154541,20,20
"211",21700,0.17399999499321,4.8899998664856,5.96000003814697,3.88000011444092,4,27.7000007629395,18.6000003814697,17.2700004577637,9.98506736755371,1.58719229698181,5.6240177154541,21.7,21.7
"212",19300,0.375999987125397,4.8899998664856,5.40000009536743,3.67000007629395,4,27.7000007629395,18.6000003814697,23.9799995422363,9.86786079406738,1.58719229698181,5.6240177154541,19.3,19.3
"213",22400,0.216999992728233,4.8899998664856,5.80999994277954,3.65000009536743,4,27.7000007629395,18.6000003814697,16.0300006866455,10.0168161392212,1.58719229698181,5.6240177154541,22.4,22.4
"214",28099,0.141000002622604,4.8899998664856,6.36999988555908,3.95000004768372,4,27.7000007629395,18.6000003814697,9.38000011444092,10.2434892654419,1.58719229698181,5.6240177154541,28.099,28.099
"215",23699,0.28999999165535,4.8899998664856,5.40999984741211,3.58999991416931,4,27.7000007629395,18.6000003814697,29.5499992370605,10.073187828064,1.58719229698181,5.6240177154541,23.699,23.699
"216",24999,0.197999998927116,4.8899998664856,6.17999982833862,3.95000004768372,4,27.7000007629395,18.6000003814697,9.47000026702881,10.1265907287598,1.58719229698181,5.6240177154541,24.999,24.999
"217",23300,0.046000000089407,5.5,5.8899998664856,3.10999989509583,5,27.6000003814697,16.3999996185303,13.5100002288818,10.0562086105347,1.70474803447723,5.62040090560913,23.3,23.3
"218",28701,0.0700000002980232,5.5,6.6399998664856,3.42000007629395,5,27.6000003814697,16.3999996185303,9.6899995803833,10.264687538147,1.70474803447723,5.62040090560913,28.701,28.701
"219",21500,0.111000001430511,5.5,5.94999980926514,2.89000010490417,5,27.6000003814697,16.3999996185303,17.9200000762939,9.97580814361572,1.70474803447723,5.62040090560913,21.5,21.5
"220",23001,0.114000000059605,5.5,6.36999988555908,3.35999989509583,5,27.6000003814697,16.3999996185303,10.5,10.0432929992676,1.70474803447723,5.62040090560913,23.001,23.001
"221",26699,0.358000010251999,5.07000017166138,6.94999980926514,2.85999989509583,8,30.7000007629395,16.3999996185303,9.71000003814697,10.1923818588257,1.62334084510803,5.72684764862061,26.699,26.699
"222",21700,0.407999992370605,5.07000017166138,6.15999984741211,3.04999995231628,8,30.7000007629395,17.3999996185303,21.4599990844727,9.98506736755371,1.62334084510803,5.72684764862061,21.7,21.7
"223",27499,0.624000012874603,5.07000017166138,6.88000011444092,3.26999998092651,8,30.7000007629395,17.3999996185303,9.93000030517578,10.2219047546387,1.62334084510803,5.72684764862061,27.499,27.499
"224",30101,0.615000009536743,5.07000017166138,6.61999988555908,3.26999998092651,8,30.7000007629395,17.3999996185303,7.59999990463257,10.3123140335083,1.62334084510803,5.72684764862061,30.101,30.101
"225",44802,0.314999997615814,5.03999996185303,8.27000045776367,2.89000010490417,8,30.7000007629395,17.3999996185303,4.1399998664856,10.7100076675415,1.61740612983704,5.72684764862061,44.802,44.802
"226",50001,0.523000001907349,5.03999996185303,8.72000026702881,2.89000010490417,8,30.7000007629395,17.3999996185303,4.92000007629395,10.8197984695435,1.61740612983704,5.72684764862061,50.001,50.001
"227",37602,0.381999999284744,5.03999996185303,8.03999996185303,3.22000002861023,8,30.7000007629395,17.3999996185303,3.13000011444092,10.5348129272461,1.61740612983704,5.72684764862061,37.602,37.602
"228",31600,0.412000000476837,5.03999996185303,7.15999984741211,3.22000002861023,8,30.7000007629395,17.3999996185303,6.3600001335144,10.360912322998,1.61740612983704,5.72684764862061,31.6,31.6
"229",46700,0.298000007867813,5.03999996185303,7.69000005722046,3.38000011444092,8,30.7000007629395,17.3999996185303,3.92000007629395,10.7514991760254,1.61740612983704,5.72684764862061,46.7,46.7
"230",31499,0.44200000166893,5.03999996185303,6.55000019073486,3.38000011444092,8,30.7000007629395,17.3999996185303,3.75999999046326,10.3577108383179,1.61740612983704,5.72684764862061,31.499,31.499
"231",24299,0.537000000476837,5.03999996185303,5.98000001907349,3.67000007629395,8,30.7000007629395,17.3999996185303,11.6499996185303,10.0981903076172,1.61740612983704,5.72684764862061,24.299,24.299
"232",31701,0.462999999523163,5.03999996185303,7.40999984741211,3.67000007629395,8,30.7000007629395,17.3999996185303,5.25,10.3641033172607,1.61740612983704,5.72684764862061,31.701,31.701
"233",41702,0.574999988079071,5.07000017166138,8.34000015258789,3.83999991416931,8,30.7000007629395,17.3999996185303,2.47000002861023,10.6383047103882,1.62334084510803,5.72684764862061,41.702,41.702
"234",48301,0.331000000238419,5.07000017166138,8.25,3.65000009536743,8,30.7000007629395,17.3999996185303,3.95000004768372,10.7852077484131,1.62334084510803,5.72684764862061,48.301,48.301
"235",29001,0.448000013828278,5.07000017166138,6.73000001907349,3.65000009536743,8,30.7000007629395,17.3999996185303,8.05000019073486,10.2750854492188,1.62334084510803,5.72684764862061,29.001,29.001
"236",24000,0.330000013113022,5.07000017166138,6.09000015258789,3.65000009536743,8,30.7000007629395,17.3999996185303,10.8800001144409,10.0858087539673,1.62334084510803,5.72684764862061,24,24
"237",25099,0.521000027656555,5.07000017166138,6.63000011444092,4.15000009536743,8,30.7000007629395,17.3999996185303,9.53999996185303,10.1305828094482,1.62334084510803,5.72684764862061,25.099,25.099
"238",31499,0.512000024318695,5.07000017166138,7.3600001335144,4.15000009536743,8,30.7000007629395,17.3999996185303,4.73000001907349,10.3577108383179,1.62334084510803,5.72684764862061,31.499,31.499
"239",23699,0.0820000022649765,4.28000020980835,6.48000001907349,6.19000005722046,6,30,16.6000003814697,6.3600001335144,10.073187828064,1.45395302772522,5.70378255844116,23.699,23.699
"240",23300,0.0930000022053719,4.28000020980835,6.6100001335144,6.19000005722046,6,30,16.6000003814697,7.36999988555908,10.0562086105347,1.45395302772522,5.70378255844116,23.3,23.3
"241",22000,0.112999998033047,4.28000020980835,6.90000009536743,6.34000015258789,6,30,16.6000003814697,11.3800001144409,9.99879741668701,1.45395302772522,5.70378255844116,22,22
"242",20100,0.105999998748302,4.28000020980835,6.09000015258789,6.34000015258789,6,30,16.6000003814697,12.3999996185303,9.90847492218018,1.45395302772522,5.70378255844116,20.1,20.1
"243",22199,0.103000000119209,4.28000020980835,6.3600001335144,7.03999996185303,6,30,16.6000003814697,11.2200002670288,10.0078029632568,1.45395302772522,5.70378255844116,22.199,22.199
"244",23699,0.126000002026558,4.28000020980835,6.3899998664856,7.03999996185303,6,30,16.6000003814697,5.19000005722046,10.073187828064,1.45395302772522,5.70378255844116,23.699,23.699
"245",17600,0.206000000238419,4.30999994277954,5.59000015258789,7.94999980926514,7,33,19.1000003814697,12.5,9.77565383911133,1.46093785762787,5.7990927696228,17.6,17.6
"246",18500,0.190999999642372,4.30999994277954,5.59999990463257,7.94999980926514,7,33,19.1000003814697,18.4599990844727,9.82552623748779,1.46093785762787,5.7990927696228,18.5,18.5
"247",24299,0.340000003576279,4.30999994277954,6.1100001335144,8.0600004196167,7,33,19.1000003814697,9.15999984741211,10.0981903076172,1.46093785762787,5.7990927696228,24.299,24.299
"248",20500,0.196999996900558,4.30999994277954,6.23000001907349,8.0600004196167,7,33,19.1000003814697,10.1499996185303,9.92817974090576,1.46093785762787,5.7990927696228,20.5,20.5
"249",24499,0.164000004529953,4.30999994277954,6.42999982833862,7.82999992370605,7,33,19.1000003814697,9.52000045776367,10.1063871383667,1.46093785762787,5.7990927696228,24.499,24.499
"250",26200,0.190999999642372,4.30999994277954,6.71999979019165,7.82999992370605,7,33,19.1000003814697,6.55999994277954,10.1735143661499,1.46093785762787,5.7990927696228,26.2,26.2
"251",24399,0.140000000596046,4.30999994277954,6.48999977111816,7.40000009536743,7,33,19.1000003814697,5.90000009536743,10.1022977828979,1.46093785762787,5.7990927696228,24.399,24.399
"252",24800,0.214000001549721,4.30999994277954,6.44000005722046,7.40000009536743,7,33,19.1000003814697,3.58999991416931,10.1185989379883,1.46093785762787,5.7990927696228,24.8,24.8
"253",29599,0.0820000022649765,4.30999994277954,6.96000003814697,8.90999984741211,7,33,19.1000003814697,3.52999997138977,10.2954959869385,1.46093785762787,5.7990927696228,29.599,29.599
"254",42800,0.368999987840652,4.30999994277954,8.26000022888184,8.90999984741211,7,33,19.1000003814697,3.53999996185303,10.6642932891846,1.46093785762787,5.7990927696228,42.8,42.8
"255",21900,0.0480000004172325,3.92000007629395,6.1100001335144,9.22000026702881,1,31.5,16.3999996185303,6.57000017166138,9.99424171447754,1.36609172821045,5.75257253646851,21.9,21.9
"256",20900,0.0350000001490116,3.92000007629395,5.88000011444092,9.22000026702881,1,31.5,16.3999996185303,9.25,9.9475040435791,1.36609172821045,5.75257253646851,20.9,20.9
"257",43998,0.0149999996647239,3.94000005722046,7.44999980926514,6.34000015258789,3,24.3999996185303,15.8999996185303,3.10999989509583,10.6918992996216,1.37118077278137,5.49716806411743,43.998,43.998
"258",50001,0.611999988555908,6.46999979019165,8.69999980926514,1.79999995231628,5,26.3999996185303,13,5.11999988555908,10.8197984695435,1.8671760559082,5.57594919204712,50.001,50.001
"259",36001,0.663999974727631,6.46999979019165,7.32999992370605,1.88999998569489,5,26.3999996185303,13,7.78999996185303,10.4913015365601,1.8671760559082,5.57594919204712,36.001,36.001
"260",30101,0.657000005245209,6.46999979019165,6.84000015258789,2.00999999046326,5,26.3999996185303,13,6.90000009536743,10.3123140335083,1.8671760559082,5.57594919204712,30.101,30.101
"261",33799,0.540000021457672,6.46999979019165,7.19999980926514,2.10999989509583,5,26.3999996185303,13,9.59000015258789,10.428186416626,1.8671760559082,5.57594919204712,33.799,33.799
"262",43101,0.533999979496002,6.46999979019165,7.51999998092651,2.14000010490417,5,26.3999996185303,13,7.26000022888184,10.6713018417358,1.8671760559082,5.57594919204712,43.101,43.101
"263",48801,0.519999980926514,6.46999979019165,8.39999961853027,2.28999996185303,5,26.3999996185303,13,5.90999984741211,10.795506477356,1.8671760559082,5.57594919204712,48.801,48.801
"264",30999,0.824999988079071,6.46999979019165,7.32999992370605,2.07999992370605,5,26.3999996185303,13,11.25,10.3417100906372,1.8671760559082,5.57594919204712,30.999,30.999
"265",36501,0.550000011920929,6.46999979019165,7.21000003814697,1.92999994754791,5,26.3999996185303,13,8.10000038146973,10.5050945281982,1.8671760559082,5.57594919204712,36.501,36.501
"266",22800,0.762000024318695,6.46999979019165,5.55999994277954,1.99000000953674,5,26.3999996185303,13,10.4499998092651,10.0345153808594,1.8671760559082,5.57594919204712,22.8,22.8
"267",30699,0.78600001335144,6.46999979019165,7.01000022888184,2.13000011444092,5,26.3999996185303,13,14.789999961853,10.3319854736328,1.8671760559082,5.57594919204712,30.699,30.699
"268",50001,0.578000009059906,5.75,8.30000019073486,2.42000007629395,5,26.3999996185303,13,7.44000005722046,10.8197984695435,1.74919986724854,5.57594919204712,50.001,50.001
"269",43499,0.540000021457672,5.75,7.46999979019165,2.86999988555908,5,26.3999996185303,13,3.16000008583069,10.6804933547974,1.74919986724854,5.57594919204712,43.499,43.499
"270",20700,0.090999998152256,4.6399998664856,5.92000007629395,3.92000007629395,3,22.2999992370605,18.6000003814697,13.6499996185303,9.93788909912109,1.53471434116364,5.40717172622681,20.7,20.7
"271",21100,0.29899999499321,4.6399998664856,5.8600001335144,4.42999982833862,3,22.2999992370605,18.6000003814697,13,9.95702838897705,1.53471434116364,5.40717172622681,21.1,21.1
"272",25200,0.162000000476837,4.6399998664856,6.23999977111816,4.42999982833862,3,22.2999992370605,18.6000003814697,6.59000015258789,10.1345996856689,1.53471434116364,5.40717172622681,25.2,25.2
"273",24399,0.115000002086163,4.6399998664856,6.53999996185303,3.92000007629395,3,22.2999992370605,18.6000003814697,7.73000001907349,10.1022977828979,1.53471434116364,5.40717172622681,24.399,24.399
"274",35200,0.222000002861023,4.6399998664856,7.69000005722046,4.36999988555908,3,22.2999992370605,18.6000003814697,6.57999992370605,10.4688014984131,1.53471434116364,5.40717172622681,35.2,35.2
"275",32400,0.0560000017285347,4.46999979019165,6.76000022888184,4.07999992370605,4,25.3999996185303,17.6000003814697,3.52999997138977,10.385913848877,1.49738836288452,5.53733444213867,32.4,32.4
"276",32000,0.096000000834465,4.46999979019165,6.84999990463257,4.26999998092651,4,25.3999996185303,17.6000003814697,2.98000001907349,10.3734912872314,1.49738836288452,5.53733444213867,32,32
"277",33200,0.104999996721745,4.46999979019165,7.26999998092651,4.78999996185303,4,25.3999996185303,17.6000003814697,6.05000019073486,10.4103050231934,1.49738836288452,5.53733444213867,33.2,33.2
"278",33100,0.0610000006854534,4.46999979019165,6.82999992370605,4.8600001335144,4,25.3999996185303,17.6000003814697,4.15999984741211,10.4072885513306,1.49738836288452,5.53733444213867,33.1,33.1
"279",29100,0.0799999982118607,4.46999979019165,6.48000001907349,4.1399998664856,4,25.3999996185303,17.6000003814697,7.19000005722046,10.2784938812256,1.49738836288452,5.53733444213867,29.1,29.1
"280",35102,0.209999993443489,4.42999982833862,6.80999994277954,4.09999990463257,5,21.6000003814697,14.8999996185303,4.84999990463257,10.4660129547119,1.48839950561523,5.37527847290039,35.102,35.102
"281",45401,0.0359999984502792,4.42999982833862,7.82000017166138,4.69000005722046,5,21.6000003814697,14.8999996185303,3.75999999046326,10.7232894897461,1.48839950561523,5.37527847290039,45.401,45.401
"282",35401,0.0370000004768372,4.42999982833862,6.96999979019165,5.23999977111816,5,21.6000003814697,14.8999996185303,4.59000015258789,10.474494934082,1.48839950561523,5.37527847290039,35.401,35.401
"283",46000,0.0610000006854534,4.42999982833862,7.6399998664856,5.21000003814697,5,21.6000003814697,14.8999996185303,3.00999999046326,10.7363967895508,1.48839950561523,5.37527847290039,46,46
"284",50001,0.0149999996647239,4.01000022888184,7.92000007629395,5.8899998664856,1,19.7999992370605,13.6000003814697,3.16000008583069,10.8197984695435,1.38879132270813,5.28826713562012,50.001,50.001
"285",32199,0.00899999961256981,4,7.09000015258789,7.30999994277954,1,28.5,15.3000001907349,7.84999990463257,10.3796911239624,1.3862943649292,5.65248918533325,32.199,32.199
"286",22000,0.0109999999403954,3.89000010490417,6.44999980926514,7.30999994277954,1,30,15.3000001907349,8.22999954223633,9.99879741668701,1.35840916633606,5.70378255844116,22,22
"287",20100,0.0199999995529652,3.84999990463257,6.23000001907349,9.09000015258789,1,24.1000003814697,18.2000007629395,12.9300003051758,9.90847492218018,1.34807312488556,5.48479700088501,20.1,20.1
"288",23200,0.0390000008046627,4.05000019073486,6.21000003814697,7.32000017166138,6,29.2999992370605,16.6000003814697,7.1399998664856,10.0519075393677,1.39871692657471,5.68017244338989,23.2,23.2
"289",22299,0.046000000089407,4.05000019073486,6.30999994277954,7.32000017166138,6,29.2999992370605,16.6000003814697,7.59999990463257,10.0122966766357,1.39871692657471,5.68017244338989,22.299,22.299
"290",24800,0.0430000014603138,4.05000019073486,6.55999994277954,7.32000017166138,6,29.2999992370605,16.6000003814697,9.51000022888184,10.1185989379883,1.39871692657471,5.68017244338989,24.8,24.8
"291",28501,0.0350000001490116,4.1100001335144,6.8600001335144,5.11999988555908,4,24.5,19.2000007629395,3.32999992370605,10.2576942443848,1.41342306137085,5.5012583732605,28.501,28.501
"292",37298,0.0790000036358833,4.1100001335144,7.15000009536743,5.11999988555908,4,24.5,19.2000007629395,3.55999994277954,10.5266952514648,1.41342306137085,5.5012583732605,37.298,37.298
"293",27901,0.0359999984502792,4.1100001335144,6.63000011444092,5.11999988555908,4,24.5,19.2000007629395,4.69999980926514,10.2364177703857,1.41342306137085,5.5012583732605,27.901,27.901
"294",23899,0.0829999968409538,4.36999988555908,6.13000011444092,5.5,4,28.8999996185303,16,8.57999992370605,10.0815916061401,1.47476303577423,5.66642665863037,23.899,23.899
"295",21700,0.0820000022649765,4.36999988555908,6.01000022888184,5.5,4,28.8999996185303,16,10.3999996185303,9.98506736755371,1.47476303577423,5.66642665863037,21.7,21.7
"296",28601,0.12899999320507,4.36999988555908,6.67999982833862,5.96000003814697,4,28.8999996185303,16,6.26999998092651,10.2611970901489,1.47476303577423,5.66642665863037,28.601,28.601
"297",27100,0.0540000014007092,4.36999988555908,6.55000019073486,5.96000003814697,4,28.8999996185303,16,7.3899998664856,10.2072887420654,1.47476303577423,5.66642665863037,27.1,27.1
"298",20300,0.141000002622604,4.36999988555908,5.78999996185303,6.32000017166138,4,28.8999996185303,16,15.8400001525879,9.91837596893311,1.47476303577423,5.66642665863037,20.3,20.3
"299",22501,0.0649999976158142,4,6.34000015258789,7.82999992370605,5,35.7999992370605,14.8000001907349,4.96999979019165,10.0213146209717,1.3862943649292,5.88053321838379,22.501,22.501
"300",29001,0.0560000017285347,4,7.03999996185303,7.82999992370605,5,35.7999992370605,14.8000001907349,4.73999977111816,10.2750854492188,1.3862943649292,5.88053321838379,29.001,29.001
"301",24800,0.0439999997615814,4,6.86999988555908,7.82999992370605,5,35.7999992370605,14.8000001907349,6.07000017166138,10.1185989379883,1.3862943649292,5.88053321838379,24.8,24.8
"302",22000,0.0350000001490116,4.32999992370605,6.59000015258789,5.48999977111816,7,32.9000015258789,16.1000003814697,9.5,9.99879741668701,1.46556746959686,5.79605770111084,22,22
"303",26399,0.0930000022053719,4.32999992370605,6.48999977111816,5.48999977111816,7,32.9000015258789,16.1000003814697,8.67000007629395,10.1810817718506,1.46556746959686,5.79605770111084,26.399,26.399
"304",33100,0.100000001490116,4.71999979019165,6.98000001907349,5.48999977111816,7,32.9000015258789,16.1000003814697,4.8600001335144,10.4072885513306,1.55180871486664,5.79605770111084,33.1,33.1
"305",36098,0.0549999997019768,4.71999979019165,7.23999977111816,4.01999998092651,7,22.2000007629395,18.3999996185303,6.92999982833862,10.493992805481,1.55180871486664,5.40267753601074,36.098,36.098
"306",28399,0.0549999997019768,4.71999979019165,6.61999988555908,3.36999988555908,7,22.2000007629395,18.3999996185303,8.93000030517578,10.2541093826294,1.55180871486664,5.40267753601074,28.399,28.399
"307",33400,0.0750000029802322,4.71999979019165,7.42000007629395,3.09999990463257,7,22.2000007629395,18.3999996185303,6.46999979019165,10.4163112640381,1.55180871486664,5.40267753601074,33.4,33.4
"308",28201,0.0489999987185001,4.71999979019165,6.84999990463257,3.1800000667572,7,22.2000007629395,18.3999996185303,7.53000020980835,10.2471122741699,1.55180871486664,5.40267753601074,28.201,28.201
"309",22800,0.493000000715256,5.44000005722046,6.63000011444092,3.3199999332428,4,30.3999996185303,18.3999996185303,4.53999996185303,10.0345153808594,1.69377911090851,5.71702766418457,22.8,22.8
"310",20300,0.349000006914139,5.44000005722046,5.96999979019165,3.09999990463257,4,30.3999996185303,18.3999996185303,9.97000026702881,9.91837596893311,1.69377911090851,5.71702766418457,20.3,20.3
"311",16100,2.63499999046326,5.44000005722046,4.96999979019165,2.51999998092651,4,30.3999996185303,18.3999996185303,12.6400003433228,9.68657493591309,1.69377911090851,5.71702766418457,16.1,16.1
"312",22099,0.790000021457672,5.44000005722046,6.11999988555908,2.64000010490417,4,30.3999996185303,18.3999996185303,5.98000001907349,10.0032873153687,1.69377911090851,5.71702766418457,22.099,22.099
"313",19400,0.261999994516373,5.44000005722046,6.01999998092651,2.82999992370605,4,30.3999996185303,18.3999996185303,11.7200002670288,9.87302875518799,1.69377911090851,5.71702766418457,19.4,19.4
"314",21600,0.268999993801117,5.44000005722046,6.26999998092651,3.25999999046326,4,30.3999996185303,18.3999996185303,7.90000009536743,9.98044872283936,1.69377911090851,5.71702766418457,21.6,21.6
"315",23799,0.368999987840652,5.44000005722046,6.57000017166138,3.59999990463257,4,30.3999996185303,18.3999996185303,9.27999973297119,10.0773992538452,1.69377911090851,5.71702766418457,23.799,23.799
"316",16200,0.254000008106232,5.44000005722046,5.69999980926514,3.95000004768372,4,30.3999996185303,18.3999996185303,11.5,9.6927661895752,1.69377911090851,5.71702766418457,16.2,16.2
"317",17800,0.317999988794327,5.44000005722046,5.90999984741211,4,4,30.3999996185303,18.3999996185303,18.3299999237061,9.78695392608643,1.69377911090851,5.71702766418457,17.8,17.8
"318",19800,0.245000004768372,5.44000005722046,5.78000020980835,4.03000020980835,4,30.3999996185303,18.3999996185303,15.9399995803833,9.89343738555908,1.69377911090851,5.71702766418457,19.8,19.8
"319",23100,0.40200001001358,5.44000005722046,6.38000011444092,3.52999997138977,4,30.3999996185303,18.3999996185303,10.3599996566772,10.0475883483887,1.69377911090851,5.71702766418457,23.1,23.1
"320",21000,0.474999994039536,5.44000005722046,6.1100001335144,4,4,30.3999996185303,18.3999996185303,12.7299995422363,9.95227813720703,1.69377911090851,5.71702766418457,21,21
"321",23799,0.167999997735023,4.92999982833862,6.42999982833862,4.53999996185303,5,28.7000007629395,19.6000003814697,7.19999980926514,10.0773992538452,1.59533894062042,5.6594820022583,23.799,23.799
"322",23100,0.181999996304512,4.92999982833862,6.38000011444092,4.53999996185303,5,28.7000007629395,19.6000003814697,6.86999988555908,10.0475883483887,1.59533894062042,5.6594820022583,23.1,23.1
"323",20400,0.351000010967255,4.92999982833862,6.03999996185303,4.71999979019165,5,28.7000007629395,19.6000003814697,7.69999980926514,9.92329025268555,1.59533894062042,5.6594820022583,20.4,20.4
"324",18500,0.284000009298325,4.92999982833862,5.71000003814697,4.71999979019165,5,28.7000007629395,19.6000003814697,11.7399997711182,9.82552623748779,1.59533894062042,5.6594820022583,18.5,18.5
"325",24999,0.340999990701675,4.92999982833862,6.40999984741211,4.71999979019165,5,28.7000007629395,19.6000003814697,6.11999988555908,10.1265907287598,1.59533894062042,5.6594820022583,24.999,24.999
"326",24600,0.19200000166893,4.92999982833862,6.42999982833862,5.42000007629395,5,28.7000007629395,19.6000003814697,5.07999992370605,10.1105012893677,1.59533894062042,5.6594820022583,24.6,24.6
"327",23001,0.303000003099442,4.92999982833862,6.30999994277954,5.42000007629395,5,28.7000007629395,19.6000003814697,6.15000009536743,10.0432929992676,1.59533894062042,5.6594820022583,23.001,23.001
"328",22199,0.24099999666214,4.92999982833862,6.07999992370605,5.42000007629395,5,28.7000007629395,19.6000003814697,12.789999961853,10.0078029632568,1.59533894062042,5.6594820022583,22.199,22.199
"329",19300,0.0659999996423721,4.59999990463257,5.86999988555908,5.21000003814697,4,43,16.8999996185303,9.97000026702881,9.86786079406738,1.52605628967285,6.06378507614136,19.3,19.3
"330",22600,0.0670000016689301,4.59999990463257,6.32999992370605,5.21000003814697,4,43,16.8999996185303,7.34000015258789,10.0257053375244,1.52605628967285,6.06378507614136,22.6,22.6
"331",19800,0.0450000017881393,4.59999990463257,6.1399998664856,5.86999988555908,4,43,16.8999996185303,9.09000015258789,9.89343738555908,1.52605628967285,6.06378507614136,19.8,19.8
"332",17100,0.0500000007450581,4.38000011444092,5.71000003814697,6.6399998664856,1,30.3999996185303,16.8999996185303,12.4300003051758,9.74683380126953,1.47704875469208,5.71702766418457,17.1,17.1
"333",19400,0.0350000001490116,4.38000011444092,6.03000020980835,7.26999998092651,1,30.3999996185303,16.8999996185303,7.82999992370605,9.87302875518799,1.47704875469208,5.71702766418457,19.4,19.4
"334",22199,0.0509999990463257,5.15000009536743,6.32000017166138,6.46000003814697,5,22.3999996185303,20.2000007629395,5.67999982833862,10.0078029632568,1.63899672031403,5.41164588928223,22.199,22.199
"335",20700,0.0370000004768372,5.15000009536743,6.30999994277954,6.46000003814697,5,22.3999996185303,20.2000007629395,6.75,9.93788909912109,1.63899672031403,5.41164588928223,20.7,20.7
"336",21100,0.0399999991059303,5.15000009536743,6.03999996185303,5.98999977111816,5,22.3999996185303,20.2000007629395,8.01000022888184,9.95702838897705,1.63899672031403,5.41164588928223,21.1,21.1
"337",19500,0.034000001847744,5.15000009536743,5.86999988555908,5.23000001907349,5,22.3999996185303,20.2000007629395,9.80000019073486,9.87817001342773,1.63899672031403,5.41164588928223,19.5,19.5
"338",18500,0.0299999993294477,5.15000009536743,5.8899998664856,5.6100001335144,5,22.3999996185303,20.2000007629395,10.5600004196167,9.82552623748779,1.63899672031403,5.41164588928223,18.5,18.5
"339",20548,0.0329999998211861,5.15000009536743,6.05999994277954,4.80999994277954,5,22.3999996185303,20.2000007629395,8.51000022888184,9.93051910400391,1.63899672031403,5.41164588928223,20.548,20.548
"340",19000,0.0549999997019768,5.15000009536743,5.98000001907349,4.80999994277954,5,22.3999996185303,20.2000007629395,9.73999977111816,9.85219383239746,1.63899672031403,5.41164588928223,19,19
"341",18700,0.061999998986721,5.15000009536743,5.96999979019165,4.80999994277954,5,22.3999996185303,20.2000007629395,9.28999996185303,9.83627891540527,1.63899672031403,5.41164588928223,18.7,18.7
"342",32778,0.0130000002682209,4.42000007629395,7.23999977111816,7.03999996185303,1,28.3999996185303,15.5,5.48999977111816,10.3975124359131,1.48613965511322,5.64897441864014,32.778,32.778
"343",16500,0.025000000372529,5.17999982833862,6.53999996185303,6.26999998092651,1,42.2000007629395,15.8999996185303,8.64999961853027,9.71111583709717,1.6448050737381,6.04500532150269,16.5,16.5
"344",23899,0.025000000372529,4.84000015258789,6.69999980926514,5.73000001907349,5,37,17.6000003814697,7.17999982833862,10.0815916061401,1.57691478729248,5.91350317001343,23.899,23.899
"345",31201,0.0299999993294477,4.84000015258789,6.86999988555908,6.46999979019165,5,37,17.6000003814697,4.6100001335144,10.3482055664062,1.57691478729248,5.91350317001343,31.201,31.201
"346",17500,0.0309999994933605,4.42000007629395,6.01000022888184,8.01000022888184,3,35.2000007629395,18.7999992370605,10.5299997329712,9.76995658874512,1.48613965511322,5.86363124847412,17.5,17.5
"347",17200,0.061999998986721,4.42000007629395,5.90000009536743,8.01000022888184,3,35.2000007629395,18.7999992370605,12.6700000762939,9.75266456604004,1.48613965511322,5.86363124847412,17.2,17.2
"348",23100,0.0189999993890524,4.28999996185303,6.51999998092651,8.53999996185303,4,35.0999984741211,17.8999996185303,6.3600001335144,10.0475883483887,1.45628666877747,5.86078643798828,23.1,23.1
"349",24499,0.0149999996647239,4.34999990463257,6.63000011444092,8.34000015258789,4,28,17,5.98999977111816,10.1063871383667,1.47017586231232,5.63478946685791,24.499,24.499
"350",26601,0.028999999165535,4.28999996185303,6.94000005722046,8.78999996185303,1,33.5,19.7000007629395,5.8899998664856,10.1887044906616,1.45628666877747,5.8141303062439,26.601,26.601
"351",22900,0.061999998986721,4.28999996185303,6.48999977111816,8.78999996185303,1,33.5,19.7000007629395,5.98000001907349,10.0388917922974,1.45628666877747,5.8141303062439,22.9,22.9
"352",24101,0.0790000036358833,4.1100001335144,6.57999992370605,10.710000038147,4,41.0999984741211,18.2999992370605,5.48999977111816,10.0900087356567,1.41342306137085,6.01859331130981,24.101,24.101
"353",18600,0.0719999969005585,4.1100001335144,5.88000011444092,10.710000038147,4,41.0999984741211,18.2999992370605,7.78999996185303,9.83091640472412,1.41342306137085,6.01859331130981,18.6,18.6
"354",30101,0.017000000923872,4.09999990463257,6.73000001907349,12.1300001144409,5,18.7000007629395,17,4.5,10.3123140335083,1.41098690032959,5.23110866546631,30.101,30.101
"355",18200,0.0430000014603138,4.13000011444092,5.65999984741211,10.5900001525879,4,33.4000015258789,22,8.05000019073486,9.80917644500732,1.41827738285065,5.81114101409912,18.2,18.2
"356",20600,0.10700000077486,4.13000011444092,5.94000005722046,10.5900001525879,4,33.4000015258789,22,5.57000017166138,9.93304634094238,1.41827738285065,5.81114101409912,20.6,20.6
"357",17794,8.98299980163574,7.69999980926514,6.21000003814697,2.11999988555908,24,66.5999984741211,20.2000007629395,17.6000003814697,9.78661632537842,2.04122018814087,6.50128984451294,17.794,17.794
"358",21700,3.84999990463257,7.69999980926514,6.3899998664856,2.50999999046326,24,66.5999984741211,20.2000007629395,13.2700004577637,9.98506736755371,2.04122018814087,6.50128984451294,21.7,21.7
"359",22700,5.2020001411438,7.69999980926514,6.13000011444092,2.72000002861023,24,66.5999984741211,20.2000007629395,11.4799995422363,10.0301198959351,2.04122018814087,6.50128984451294,22.7,22.7
"360",22600,4.26100015640259,7.69999980926514,6.1100001335144,2.50999999046326,24,66.5999984741211,20.2000007629395,12.6700000762939,10.0257053375244,2.04122018814087,6.50128984451294,22.6,22.6
"361",24999,4.54199981689453,7.69999980926514,6.40000009536743,2.51999998092651,24,66.5999984741211,20.2000007629395,7.78999996185303,10.1265907287598,2.04122018814087,6.50128984451294,24.999,24.999
"362",19900,3.83699989318848,7.69999980926514,6.25,2.29999995231628,24,66.5999984741211,20.2000007629395,14.1899995803833,9.89847469329834,2.04122018814087,6.50128984451294,19.9,19.9
"363",20800,3.67799997329712,7.69999980926514,5.3600001335144,2.09999990463257,24,66.5999984741211,20.2000007629395,10.1899995803833,9.94270801544189,2.04122018814087,6.50128984451294,20.8,20.8
"364",16800,4.22200012207031,7.69999980926514,5.80000019073486,1.89999997615814,24,66.5999984741211,20.2000007629395,14.6400003433228,9.72913455963135,2.04122018814087,6.50128984451294,16.8,16.8
"365",21900,3.47399997711182,7.17999982833862,8.77999973297119,1.89999997615814,24,66.5999984741211,20.2000007629395,5.28999996185303,9.99424171447754,1.97129940986633,6.50128984451294,21.9,21.9
"366",27499,4.55600023269653,7.17999982833862,3.55999994277954,1.61000001430511,24,66.5999984741211,20.2000007629395,7.11999988555908,10.2219047546387,1.97129940986633,6.50128984451294,27.499,27.499
"367",21900,3.69700002670288,7.17999982833862,4.96000003814697,1.75,24,66.5999984741211,20.2000007629395,14,9.99424171447754,1.97129940986633,6.50128984451294,21.9,21.9
"368",23100,13.5220003128052,6.30999994277954,3.85999989509583,1.50999999046326,24,66.5999984741211,20.2000007629395,13.3299999237061,10.0475883483887,1.8421356678009,6.50128984451294,23.1,23.1
"369",50001,4.89799976348877,6.30999994277954,4.96999979019165,1.33000004291534,24,66.5999984741211,20.2000007629395,3.25999999046326,10.8197984695435,1.8421356678009,6.50128984451294,50.001,50.001
"370",50001,5.67000007629395,6.30999994277954,6.67999982833862,1.36000001430511,24,66.5999984741211,20.2000007629395,3.73000001907349,10.8197984695435,1.8421356678009,6.50128984451294,50.001,50.001
"371",50001,6.53900003433228,6.30999994277954,7.01999998092651,1.20000004768372,24,66.5999984741211,20.2000007629395,2.96000003814697,10.8197984695435,1.8421356678009,6.50128984451294,50.001,50.001
"372",50001,9.23200035095215,6.30999994277954,6.21999979019165,1.16999995708466,24,66.5999984741211,20.2000007629395,9.52999973297119,10.8197984695435,1.8421356678009,6.50128984451294,50.001,50.001
"373",50001,8.26700019836426,6.67999982833862,5.86999988555908,1.12999999523163,24,66.5999984741211,20.2000007629395,8.88000011444092,10.8197984695435,1.89911794662476,6.50128984451294,50.001,50.001
"374",13800,11.1079998016357,6.67999982833862,4.90999984741211,1.16999995708466,24,66.5999984741211,20.2000007629395,34.7700004577637,9.5324239730835,1.89911794662476,6.50128984451294,13.8,13.8
"375",13800,18.4979991912842,6.67999982833862,4.1399998664856,1.13999998569489,24,66.5999984741211,20.2000007629395,37.9700012207031,9.5324239730835,1.89911794662476,6.50128984451294,13.8,13.8
"376",15000,19.6089992523193,6.71000003814697,7.30999994277954,1.32000005245209,24,66.5999984741211,20.2000007629395,13.4399995803833,9.61580562591553,1.90359890460968,6.50128984451294,15,15
"377",13900,15.2880001068115,6.71000003814697,6.65000009536743,1.3400000333786,24,66.5999984741211,20.2000007629395,23.2399997711182,9.53964424133301,1.90359890460968,6.50128984451294,13.9,13.9
"378",13300,9.82299995422363,6.71000003814697,6.78999996185303,1.36000001430511,24,66.5999984741211,20.2000007629395,21.2399997711182,9.49551963806152,1.90359890460968,6.50128984451294,13.3,13.3
"379",13100,23.6480007171631,6.71000003814697,6.38000011444092,1.38999998569489,24,66.5999984741211,20.2000007629395,23.6900005340576,9.48036766052246,1.90359890460968,6.50128984451294,13.1,13.1
"380",10200,17.867000579834,6.71000003814697,6.21999979019165,1.38999998569489,24,66.5999984741211,20.2000007629395,21.7800006866455,9.23014259338379,1.90359890460968,6.50128984451294,10.2,10.2
"381",10400,88.9759979248047,6.71000003814697,6.96999979019165,1.41999995708466,24,66.5999984741211,20.2000007629395,17.2099990844727,9.24956130981445,1.90359890460968,6.50128984451294,10.4,10.4
"382",10900,15.8739995956421,6.71000003814697,6.53999996185303,1.51999998092651,24,66.5999984741211,20.2000007629395,21.0799999237061,9.29651832580566,1.90359890460968,6.50128984451294,10.9,10.9
"383",11300,9.1870002746582,7,5.53999996185303,1.58000004291534,24,66.5999984741211,20.2000007629395,23.6000003814697,9.33255767822266,1.94591009616852,6.50128984451294,11.3,11.3
"384",12300,7.99200010299683,7,5.51999998092651,1.52999997138977,24,66.5999984741211,20.2000007629395,24.5599994659424,9.41735458374023,1.94591009616852,6.50128984451294,12.3,12.3
"385",8800,20.0849990844727,7,4.36999988555908,1.44000005722046,24,66.5999984741211,20.2000007629395,30.6299991607666,9.08250713348389,1.94591009616852,6.50128984451294,8.8,8.8
"386",7200,16.8120002746582,7,5.28000020980835,1.42999994754791,24,66.5999984741211,20.2000007629395,30.8099994659424,8.8818359375,1.94591009616852,6.50128984451294,7.2,7.2
"387",10500,24.3939990997314,7,4.65000009536743,1.47000002861023,24,66.5999984741211,20.2000007629395,28.2800006866455,9.25913047790527,1.94591009616852,6.50128984451294,10.5,10.5
"388",7400,22.5970001220703,7,5,1.51999998092651,24,66.5999984741211,20.2000007629395,31.9899997711182,8.90923500061035,1.94591009616852,6.50128984451294,7.4,7.4
"389",10200,14.3339996337891,7,4.88000011444092,1.5900000333786,24,66.5999984741211,20.2000007629395,30.6200008392334,9.23014259338379,1.94591009616852,6.50128984451294,10.2,10.2
"390",11500,8.15200042724609,7,5.3899998664856,1.73000001907349,24,66.5999984741211,20.2000007629395,20.8500003814697,9.35010242462158,1.94591009616852,6.50128984451294,11.5,11.5
"391",15100,6.96199989318848,7,5.71000003814697,1.92999994754791,24,66.5999984741211,20.2000007629395,17.1100006103516,9.62244987487793,1.94591009616852,6.50128984451294,15.1,15.1
"392",23200,5.29300022125244,7,6.05000019073486,2.17000007629395,24,66.5999984741211,20.2000007629395,18.7600002288818,10.0519075393677,1.94591009616852,6.50128984451294,23.2,23.2
"393",9700,11.5780000686646,7,5.03999996185303,1.76999998092651,24,66.5999984741211,20.2000007629395,25.6800003051758,9.17988109588623,1.94591009616852,6.50128984451294,9.7,9.7
"394",13800,8.64500045776367,6.92999982833862,6.19000005722046,1.78999996185303,24,66.5999984741211,20.2000007629395,15.1700000762939,9.5324239730835,1.93585979938507,6.50128984451294,13.8,13.8
"395",12700,13.3599996566772,6.92999982833862,5.8899998664856,1.77999997138977,24,66.5999984741211,20.2000007629395,16.3500003814697,9.44935703277588,1.93585979938507,6.50128984451294,12.7,12.7
"396",13100,8.71700000762939,6.92999982833862,6.46999979019165,1.73000001907349,24,66.5999984741211,20.2000007629395,17.1200008392334,9.48036766052246,1.93585979938507,6.50128984451294,13.1,13.1
"397",12500,5.87200021743774,6.92999982833862,6.40000009536743,1.67999994754791,24,66.5999984741211,20.2000007629395,19.3700008392334,9.43348407745361,1.93585979938507,6.50128984451294,12.5,12.5
"398",8500,7.67199993133545,6.92999982833862,5.75,1.62999999523163,24,66.5999984741211,20.2000007629395,19.9200000762939,9.04782104492188,1.93585979938507,6.50128984451294,8.5,8.5
"399",5000,38.3520011901855,6.92999982833862,5.44999980926514,1.49000000953674,24,66.5999984741211,20.2000007629395,30.5900001525879,8.51719284057617,1.93585979938507,6.50128984451294,5,5
"400",6300,9.91699981689453,6.92999982833862,5.84999990463257,1.5,24,66.5999984741211,20.2000007629395,29.9699993133545,8.74830532073975,1.93585979938507,6.50128984451294,6.3,6.3
"401",5600,25.0459995269775,6.92999982833862,5.98999977111816,1.5900000333786,24,66.5999984741211,20.2000007629395,27.0400009155273,8.63052177429199,1.93585979938507,6.50128984451294,5.6,5.6
"402",7200,14.2360000610352,6.92999982833862,6.34000015258789,1.57000005245209,24,66.5999984741211,20.2000007629395,20.3199996948242,8.8818359375,1.93585979938507,6.50128984451294,7.2,7.2
"403",12100,9.5959997177124,6.92999982833862,6.40000009536743,1.63999998569489,24,66.5999984741211,20.2000007629395,20.3099994659424,9.40096092224121,1.93585979938507,6.50128984451294,12.1,12.1
"404",8300,24.8020000457764,6.92999982833862,5.34999990463257,1.70000004768372,24,66.5999984741211,20.2000007629395,19.7700004577637,9.02401065826416,1.93585979938507,6.50128984451294,8.3,8.3
"405",8500,41.5289993286133,6.92999982833862,5.53000020980835,1.61000001430511,24,66.5999984741211,20.2000007629395,27.3799991607666,9.04782104492188,1.93585979938507,6.50128984451294,8.5,8.5
"406",5000,67.9209976196289,6.92999982833862,5.67999982833862,1.42999994754791,24,66.5999984741211,20.2000007629395,22.9799995422363,8.51719284057617,1.93585979938507,6.50128984451294,5,5
"407",11900,20.7159996032715,6.59000015258789,4.1399998664856,1.17999994754791,24,66.5999984741211,20.2000007629395,23.3400001525879,9.38429355621338,1.88555335998535,6.50128984451294,11.9,11.9
"408",27901,11.951000213623,6.59000015258789,5.6100001335144,1.28999996185303,24,66.5999984741211,20.2000007629395,12.1300001144409,10.2364177703857,1.88555335998535,6.50128984451294,27.901,27.901
"409",17200,7.40399980545044,5.96999979019165,5.61999988555908,1.45000004768372,24,66.5999984741211,20.2000007629395,26.3999996185303,9.75266456604004,1.78674685955048,6.50128984451294,17.2,17.2
"410",27499,14.4379997253418,5.96999979019165,6.84999990463257,1.47000002861023,24,66.5999984741211,20.2000007629395,19.7800006866455,10.2219047546387,1.78674685955048,6.50128984451294,27.499,27.499
"411",15000,51.1360015869141,5.96999979019165,5.76000022888184,1.4099999666214,24,66.5999984741211,20.2000007629395,10.1099996566772,9.61580562591553,1.78674685955048,6.50128984451294,15,15
"412",17200,14.0509996414185,5.96999979019165,6.65999984741211,1.52999997138977,24,66.5999984741211,20.2000007629395,21.2199993133545,9.75266456604004,1.78674685955048,6.50128984451294,17.2,17.2
"413",17900,18.8110008239746,5.96999979019165,4.63000011444092,1.54999995231628,24,66.5999984741211,20.2000007629395,34.3699989318848,9.792555809021,1.78674685955048,6.50128984451294,17.9,17.9
"414",16300,26.6560001373291,5.96999979019165,5.15000009536743,1.5900000333786,24,66.5999984741211,20.2000007629395,20.0799999237061,9.69892024993896,1.78674685955048,6.50128984451294,16.3,16.3
"415",7012,45.7459983825684,6.92999982833862,4.51999998092651,1.6599999666214,24,66.5999984741211,20.2000007629395,36.9799995422363,8.85537815093994,1.93585979938507,6.50128984451294,7.012,7.012
"416",7200,18.0849990844727,6.78999996185303,6.42999982833862,1.83000004291534,24,66.5999984741211,20.2000007629395,29.0499992370605,8.8818359375,1.9154509305954,6.50128984451294,7.2,7.2
"417",7500,10.8339996337891,6.78999996185303,6.78000020980835,1.82000005245209,24,66.5999984741211,20.2000007629395,25.7900009155273,8.92265796661377,1.9154509305954,6.50128984451294,7.5,7.5
"418",10400,25.9409999847412,6.78999996185303,5.30000019073486,1.64999997615814,24,66.5999984741211,20.2000007629395,26.6399993896484,9.24956130981445,1.9154509305954,6.50128984451294,10.4,10.4
"419",8800,73.5339965820312,6.78999996185303,5.96000003814697,1.79999995231628,24,66.5999984741211,20.2000007629395,20.6200008392334,9.08250713348389,1.9154509305954,6.50128984451294,8.8,8.8
"420",8400,11.8120002746582,7.17999982833862,6.82000017166138,1.78999996185303,24,66.5999984741211,20.2000007629395,22.7399997711182,9.03598690032959,1.97129940986633,6.50128984451294,8.4,8.4
"421",16700,11.0869998931885,7.17999982833862,6.40999984741211,1.86000001430511,24,66.5999984741211,20.2000007629395,15.0200004577637,9.72316360473633,1.97129940986633,6.50128984451294,16.7,16.7
"422",14200,7.02299976348877,7.17999982833862,6.01000022888184,1.87000000476837,24,66.5999984741211,20.2000007629395,15.6999998092651,9.56099700927734,1.97129940986633,6.50128984451294,14.2,14.2
"423",20800,12.0480003356934,6.1399998664856,5.65000009536743,1.95000004768372,24,66.5999984741211,20.2000007629395,14.1000003814697,9.94270801544189,1.81482470035553,6.50128984451294,20.8,20.8
"424",13400,7.05000019073486,6.1399998664856,6.09999990463257,2.01999998092651,24,66.5999984741211,20.2000007629395,23.2900009155273,9.50300979614258,1.81482470035553,6.50128984451294,13.4,13.4
"425",11700,8.79199981689453,5.84000015258789,5.55999994277954,2.05999994277954,24,66.5999984741211,20.2000007629395,17.1599998474121,9.36734390258789,1.76473081111908,6.50128984451294,11.7,11.7
"426",8300,15.8599996566772,6.78999996185303,5.90000009536743,1.9099999666214,24,66.5999984741211,20.2000007629395,24.3899993896484,9.02401065826416,1.9154509305954,6.50128984451294,8.3,8.3
"427",10200,12.2469997406006,5.84000015258789,5.84000015258789,2,24,66.5999984741211,20.2000007629395,15.6899995803833,9.23014259338379,1.76473081111908,6.50128984451294,10.2,10.2
"428",10900,37.6619987487793,6.78999996185303,6.19999980926514,1.86000001430511,24,66.5999984741211,20.2000007629395,14.5200004577637,9.29651832580566,1.9154509305954,6.50128984451294,10.9,10.9
"429",11000,7.36700010299683,6.78999996185303,6.19000005722046,1.94000005722046,24,66.5999984741211,20.2000007629395,21.5200004577637,9.30565071105957,1.9154509305954,6.50128984451294,11,11
"430",9500,9.33899974822998,6.78999996185303,6.38000011444092,1.97000002861023,24,66.5999984741211,20.2000007629395,24.0799999237061,9.15904712677002,1.9154509305954,6.50128984451294,9.5,9.5
"431",14500,8.49199962615967,5.84000015258789,6.34999990463257,2.04999995231628,24,66.5999984741211,20.2000007629395,17.6399993896484,9.5819034576416,1.76473081111908,6.50128984451294,14.5,14.5
"432",14100,10.0620002746582,5.84000015258789,6.82999992370605,2.08999991416931,24,66.5999984741211,20.2000007629395,19.6900005340576,9.55393028259277,1.76473081111908,6.50128984451294,14.1,14.1
"433",16100,6.44399976730347,5.84000015258789,6.42000007629395,2.20000004768372,24,66.5999984741211,20.2000007629395,12.0299997329712,9.68657493591309,1.76473081111908,6.50128984451294,16.1,16.1
"434",14300,5.58099985122681,7.13000011444092,6.44000005722046,2.3199999332428,24,66.5999984741211,20.2000007629395,16.2199993133545,9.56801509857178,1.96431124210358,6.50128984451294,14.3,14.3
"435",11700,13.9130001068115,7.13000011444092,6.21000003814697,2.22000002861023,24,66.5999984741211,20.2000007629395,15.1700000762939,9.36734390258789,1.96431124210358,6.50128984451294,11.7,11.7
"436",13400,11.1599998474121,7.40000009536743,6.63000011444092,2.11999988555908,24,66.5999984741211,20.2000007629395,23.2700004577637,9.50300979614258,2.00148010253906,6.50128984451294,13.4,13.4
"437",9600,14.4209995269775,7.40000009536743,6.46000003814697,2,24,66.5999984741211,20.2000007629395,18.0499992370605,9.16951847076416,2.00148010253906,6.50128984451294,9.6,9.6
"438",8700,15.1770000457764,7.40000009536743,6.15000009536743,1.9099999666214,24,66.5999984741211,20.2000007629395,26.4500007629395,9.07107830047607,2.00148010253906,6.50128984451294,8.7,8.7
"439",8400,13.6780004501343,7.40000009536743,5.92999982833862,1.82000005245209,24,66.5999984741211,20.2000007629395,34.0200004577637,9.03598690032959,2.00148010253906,6.50128984451294,8.4,8.4
"440",12800,9.39099979400635,7.40000009536743,5.63000011444092,1.82000005245209,24,66.5999984741211,20.2000007629395,22.8799991607666,9.457200050354,2.00148010253906,6.50128984451294,12.8,12.8
"441",10500,22.0510005950928,7.40000009536743,5.82000017166138,1.87000000476837,24,66.5999984741211,20.2000007629395,22.1100006103516,9.25913047790527,2.00148010253906,6.50128984451294,10.5,10.5
"442",17100,9.72399997711182,7.40000009536743,6.40999984741211,2.0699999332428,24,66.5999984741211,20.2000007629395,19.5200004577637,9.74683380126953,2.00148010253906,6.50128984451294,17.1,17.1
"443",18400,5.66599988937378,7.40000009536743,6.21999979019165,2,24,66.5999984741211,20.2000007629395,16.5900001525879,9.82010555267334,2.00148010253906,6.50128984451294,18.4,18.4
"444",15400,9.96700000762939,7.40000009536743,6.48000001907349,1.98000001907349,24,66.5999984741211,20.2000007629395,18.8500003814697,9.64212322235107,2.00148010253906,6.50128984451294,15.4,15.4
"445",10800,12.8020000457764,7.40000009536743,5.84999990463257,1.89999997615814,24,66.5999984741211,20.2000007629395,23.7900009155273,9.2873010635376,2.00148010253906,6.50128984451294,10.8,10.8
"446",11800,10.6719999313354,7.40000009536743,6.46000003814697,1.99000000953674,24,66.5999984741211,20.2000007629395,23.9799995422363,9.3758544921875,2.00148010253906,6.50128984451294,11.8,11.8
"447",14900,6.28800010681152,7.40000009536743,6.34000015258789,2.0699999332428,24,66.5999984741211,20.2000007629395,17.7900009155273,9.60911655426025,2.00148010253906,6.50128984451294,14.9,14.9
"448",12600,9.92500019073486,7.40000009536743,6.25,2.20000004768372,24,66.5999984741211,20.2000007629395,16.4400005340576,9.44145202636719,2.00148010253906,6.50128984451294,12.6,12.6
"449",14100,9.32900047302246,7.13000011444092,6.17999982833862,2.25999999046326,24,66.5999984741211,20.2000007629395,18.1299991607666,9.55393028259277,1.96431124210358,6.50128984451294,14.1,14.1
"450",13000,7.52600002288818,7.13000011444092,6.42000007629395,2.19000005722046,24,66.5999984741211,20.2000007629395,19.3099994659424,9.47270488739014,1.96431124210358,6.50128984451294,13,13
"451",13400,6.71799993515015,7.13000011444092,6.75,2.3199999332428,24,66.5999984741211,20.2000007629395,17.4400005340576,9.50300979614258,1.96431124210358,6.50128984451294,13.4,13.4
"452",15200,5.44099998474121,7.13000011444092,6.65000009536743,2.35999989509583,24,66.5999984741211,20.2000007629395,17.7299995422363,9.62905025482178,1.96431124210358,6.50128984451294,15.2,15.2
"453",16100,5.09000015258789,7.13000011444092,6.30000019073486,2.36999988555908,24,66.5999984741211,20.2000007629395,17.2700004577637,9.68657493591309,1.96431124210358,6.50128984451294,16.1,16.1
"454",17794,8.2480001449585,7.13000011444092,7.3899998664856,2.45000004768372,24,66.5999984741211,20.2000007629395,16.7399997711182,9.78661632537842,1.96431124210358,6.50128984451294,17.794,17.794
"455",14900,9.51399993896484,7.13000011444092,6.73000001907349,2.5,24,66.5999984741211,20.2000007629395,18.7099990844727,9.60911655426025,1.96431124210358,6.50128984451294,14.9,14.9
"456",14100,4.7519998550415,7.13000011444092,6.51999998092651,2.44000005722046,24,66.5999984741211,20.2000007629395,18.1299991607666,9.55393028259277,1.96431124210358,6.50128984451294,14.1,14.1
"457",12700,4.66900014877319,7.13000011444092,5.98000001907349,2.57999992370605,24,66.5999984741211,20.2000007629395,19.0100002288818,9.44935703277588,1.96431124210358,6.50128984451294,12.7,12.7
"458",13500,8.20100021362305,7.13000011444092,5.94000005722046,2.77999997138977,24,66.5999984741211,20.2000007629395,16.9400005340576,9.51044464111328,1.96431124210358,6.50128984451294,13.5,13.5
"459",14900,7.7519998550415,7.13000011444092,6.30000019073486,2.77999997138977,24,66.5999984741211,20.2000007629395,16.2299995422363,9.60911655426025,1.96431124210358,6.50128984451294,14.9,14.9
"460",20000,6.80100011825562,7.13000011444092,6.07999992370605,2.72000002861023,24,66.5999984741211,20.2000007629395,14.6999998092651,9.90348720550537,1.96431124210358,6.50128984451294,20,20
"461",16400,4.81199979782104,7.13000011444092,6.69999980926514,2.59999990463257,24,66.5999984741211,20.2000007629395,16.4200000762939,9.70503616333008,1.96431124210358,6.50128984451294,16.4,16.4
"462",17700,3.69300007820129,7.13000011444092,6.36999988555908,2.5699999332428,24,66.5999984741211,20.2000007629395,14.6499996185303,9.7813196182251,1.96431124210358,6.50128984451294,17.7,17.7
"463",19500,6.65500020980835,7.13000011444092,6.32000017166138,2.73000001907349,24,66.5999984741211,20.2000007629395,13.9899997711182,9.87817001342773,1.96431124210358,6.50128984451294,19.5,19.5
"464",20200,5.82100009918213,7.13000011444092,6.51000022888184,2.79999995231628,24,66.5999984741211,20.2000007629395,10.289999961853,9.91343784332275,1.96431124210358,6.50128984451294,20.2,20.2
"465",21400,7.83900022506714,6.55000019073486,6.21000003814697,2.96000003814697,24,66.5999984741211,20.2000007629395,13.2200002670288,9.97114658355713,1.87946510314941,6.50128984451294,21.4,21.4
"466",19900,3.16599988937378,6.55000019073486,5.76000022888184,3.0699999332428,24,66.5999984741211,20.2000007629395,14.1300001144409,9.89847469329834,1.87946510314941,6.50128984451294,19.9,19.9
"467",19000,3.77500009536743,6.55000019073486,5.94999980926514,2.86999988555908,24,66.5999984741211,20.2000007629395,17.1499996185303,9.85219383239746,1.87946510314941,6.50128984451294,19,19
"468",19100,4.42199993133545,5.84000015258789,6,2.53999996185303,24,66.5999984741211,20.2000007629395,21.3199996948242,9.85744380950928,1.76473081111908,6.50128984451294,19.1,19.1
"469",17052,15.576000213623,5.80000019073486,5.92999982833862,2.91000008583069,24,66.5999984741211,20.2000007629395,18.1299991607666,9.74402236938477,1.75785791873932,6.50128984451294,17.052,17.052
"470",20100,13.0749998092651,5.80000019073486,5.71000003814697,2.8199999332428,24,66.5999984741211,20.2000007629395,14.6700000762939,9.90847492218018,1.75785791873932,6.50128984451294,20.1,20.1
"471",19900,4.34899997711182,5.80000019073486,6.17000007629395,3.02999997138977,24,66.5999984741211,20.2000007629395,16.2900009155273,9.89847469329834,1.75785791873932,6.50128984451294,19.9,19.9
"472",19600,4.03800010681152,5.32000017166138,6.23000001907349,3.09999990463257,24,66.5999984741211,20.2000007629395,12.8699998855591,9.88328456878662,1.6714733839035,6.50128984451294,19.6,19.6
"473",23200,3.56900000572205,5.80000019073486,6.44000005722046,2.90000009536743,24,66.5999984741211,20.2000007629395,14.3599996566772,10.0519075393677,1.75785791873932,6.50128984451294,23.2,23.2
"474",29801,4.64699983596802,6.1399998664856,6.98000001907349,2.52999997138977,24,66.5999984741211,20.2000007629395,11.6599998474121,10.3022975921631,1.81482470035553,6.50128984451294,29.801,29.801
"475",13800,8.05599975585938,5.84000015258789,5.42999982833862,2.4300000667572,24,66.5999984741211,20.2000007629395,18.1399993896484,9.5324239730835,1.76473081111908,6.50128984451294,13.8,13.8
"476",13300,6.39300012588501,5.84000015258789,6.15999984741211,2.21000003814697,24,66.5999984741211,20.2000007629395,24.1000003814697,9.49551963806152,1.76473081111908,6.50128984451294,13.3,13.3
"477",16700,4.87099981307983,6.1399998664856,6.48000001907349,2.30999994277954,24,66.5999984741211,20.2000007629395,18.6800003051758,9.72316360473633,1.81482470035553,6.50128984451294,16.7,16.7
"478",12000,15.0229997634888,6.1399998664856,5.30000019073486,2.09999990463257,24,66.5999984741211,20.2000007629395,24.9099998474121,9.39266204833984,1.81482470035553,6.50128984451294,12,12
"479",14600,10.2329998016357,6.1399998664856,6.17999982833862,2.17000007629395,24,66.5999984741211,20.2000007629395,18.0300006866455,9.58877658843994,1.81482470035553,6.50128984451294,14.6,14.6
"480",21400,14.3339996337891,6.1399998664856,6.23000001907349,1.95000004768372,24,66.5999984741211,20.2000007629395,13.1099996566772,9.97114658355713,1.81482470035553,6.50128984451294,21.4,21.4
"481",23001,5.82399988174438,5.32000017166138,6.23999977111816,3.42000007629395,24,66.5999984741211,20.2000007629395,10.7399997711182,10.0432929992676,1.6714733839035,6.50128984451294,23.001,23.001
"482",23699,5.70800018310547,5.32000017166138,6.75,3.32999992370605,24,66.5999984741211,20.2000007629395,7.73999977111816,10.073187828064,1.6714733839035,6.50128984451294,23.699,23.699
"483",24999,5.73099994659424,5.32000017166138,7.05999994277954,3.41000008583069,24,66.5999984741211,20.2000007629395,6.34999990463257,10.1265907287598,1.6714733839035,6.50128984451294,24.999,24.999
"484",21800,2.81800007820129,5.32000017166138,5.76000022888184,4.09999990463257,24,66.5999984741211,20.2000007629395,10.4200000762939,9.98966503143311,1.6714733839035,6.50128984451294,21.8,21.8
"485",20600,2.37899994850159,5.82999992370605,5.86999988555908,3.72000002861023,24,66.5999984741211,20.2000007629395,13.3400001525879,9.93304634094238,1.76301693916321,6.50128984451294,20.6,20.6
"486",21200,3.67400002479553,5.82999992370605,6.30999994277954,3.99000000953674,24,66.5999984741211,20.2000007629395,10.5799999237061,9.96175670623779,1.76301693916321,6.50128984451294,21.2,21.2
"487",19100,5.69199991226196,5.82999992370605,6.1100001335144,3.54999995231628,24,66.5999984741211,20.2000007629395,14.9799995422363,9.85744380950928,1.76301693916321,6.50128984451294,19.1,19.1
"488",20600,4.83599996566772,5.82999992370605,5.90000009536743,3.15000009536743,24,66.5999984741211,20.2000007629395,11.4499998092651,9.93304634094238,1.76301693916321,6.50128984451294,20.6,20.6
"489",15200,0.150999993085861,6.09000015258789,5.44999980926514,1.82000005245209,4,71.0999984741211,20.1000003814697,18.0599994659424,9.62905025482178,1.80664813518524,6.56667232513428,15.2,15.2
"490",7000,0.18299999833107,6.09000015258789,5.40999984741211,1.75999999046326,4,71.0999984741211,20.1000003814697,23.9699993133545,8.85366535186768,1.80664813518524,6.56667232513428,7,7
"491",8100,0.207000002264977,6.09000015258789,5.09000015258789,1.82000005245209,4,71.0999984741211,20.1000003814697,29.6800003051758,8.99961948394775,1.80664813518524,6.56667232513428,8.1,8.1
"492",13600,0.105999998748302,6.09000015258789,5.98000001907349,1.87000000476837,4,71.0999984741211,20.1000003814697,18.0699996948242,9.51782512664795,1.80664813518524,6.56667232513428,13.6,13.6
"493",20100,0.111000001430511,6.09000015258789,5.98000001907349,2.10999989509583,4,71.0999984741211,20.1000003814697,13.3500003814697,9.90847492218018,1.80664813518524,6.56667232513428,20.1,20.1
"494",21800,0.172999992966652,5.84999990463257,5.71000003814697,2.38000011444092,6,39.0999984741211,19.2000007629395,12.0100002288818,9.98966503143311,1.76644170284271,5.96870756149292,21.8,21.8
"495",24499,0.280000001192093,5.84999990463257,5.92999982833862,2.38000011444092,6,39.0999984741211,19.2000007629395,13.5900001525879,10.1063871383667,1.76644170284271,5.96870756149292,24.499,24.499
"496",23100,0.179000005125999,5.84999990463257,5.67000007629395,2.79999995231628,6,39.0999984741211,19.2000007629395,17.6000003814697,10.0475883483887,1.76644170284271,5.96870756149292,23.1,23.1
"497",19700,0.28999999165535,5.84999990463257,5.3899998664856,2.79999995231628,6,39.0999984741211,19.2000007629395,21.1399993896484,9.88837432861328,1.76644170284271,5.96870756149292,19.7,19.7
"498",18300,0.26800000667572,5.84999990463257,5.78999996185303,2.89000010490417,6,39.0999984741211,19.2000007629395,14.1000003814697,9.81465625762939,1.76644170284271,5.96870756149292,18.3,18.3
"499",21200,0.238999992609024,5.84999990463257,6.01999998092651,2.41000008583069,6,39.0999984741211,19.2000007629395,12.9200000762939,9.96175670623779,1.76644170284271,5.96870756149292,21.2,21.2
"500",17500,0.178000003099442,5.84999990463257,5.57000017166138,2.40000009536743,6,39.0999984741211,19.2000007629395,15.1000003814697,9.76995658874512,1.76644170284271,5.96870756149292,17.5,17.5
"501",16800,0.224000006914139,5.84999990463257,6.03000020980835,2.5,6,39.0999984741211,19.2000007629395,14.3299999237061,9.72913455963135,1.76644170284271,5.96870756149292,16.8,16.8
"502",22400,0.063000001013279,5.73000001907349,6.59000015258789,2.48000001907349,1,27.2999992370605,21,9.67000007629395,10.0168161392212,1.74571549892426,5.60947179794312,22.4,22.4
"503",20600,0.0450000017881393,5.73000001907349,6.11999988555908,2.28999996185303,1,27.2999992370605,21,9.07999992370605,9.93304634094238,1.74571549892426,5.60947179794312,20.6,20.6
"504",23899,0.0610000006854534,5.73000001907349,6.98000001907349,2.17000007629395,1,27.2999992370605,21,5.6399998664856,10.0815916061401,1.74571549892426,5.60947179794312,23.899,23.899
"505",22000,0.109999999403954,5.73000001907349,6.78999996185303,2.39000010490417,1,27.2999992370605,21,6.48000001907349,9.99879741668701,1.74571549892426,5.60947179794312,22,22
"506",11900,0.0469999983906746,5.73000001907349,6.03000020980835,2.50999999046326,1,27.2999992370605,21,7.88000011444092,9.38429355621338,1.74571549892426,5.60947179794312,11.9,11.9
